code,name_fr,name_ar,region_code,region_name,province_code,province_name,cercle_code,cercle_name,menages,population,etrangers,marocains
01.066.01.03.,Lagouira,الكويرة (البلدية),01.,Oued Ed-Dahab-Lagouira,01.066.,Aousserd,01.066.01.,,,,,
01.391.01.01.,Dakhla,الداخلة (البلدية),01.,Oued Ed-Dahab-Lagouira,01.391.,Oued Ed-Dahab,01.391.01.,,25469.0,106277.0,553.0,105724.0
02.121.01.01.,Boujdour,بوجدور (البلدية),02.,Laayoune-Boujdour-Sakia El Hamra,02.121.,Boujdour,02.121.01.,,9511.0,42651.0,40.0,42611.0
02.321.01.01.,El Marsa,المرسى (البلدية),02.,Laayoune-Boujdour-Sakia El Hamra,02.321.,Laâyoune,02.321.01.,,4811.0,17917.0,19.0,17898.0
02.321.01.03.,Laayoune,العيون (البلدية),02.,Laayoune-Boujdour-Sakia El Hamra,02.321.,Laâyoune,02.321.01.,,48049.0,217732.0,534.0,217198.0
02.537.01.05.,Tarfaya,طرفاية (البلدية),02.,Laayoune-Boujdour-Sakia El Hamra,02.537.,Tarfaya,02.537.01.,,2092.0,8027.0,62.0,7965.0
03.071.01.01.,Assa,أسا (البلدية),03.,Guelmim Es Semara,03.071.,Assa-Zag,03.071.01.,,2990.0,14570.0,2.0,14568.0
03.071.01.03.,Zag,الزاك (البلدية),03.,Guelmim Es Semara,03.071.,Assa-Zag,03.071.01.,,941.0,12763.0,0.0,12763.0
03.221.01.01.,Es-semara,السمارة (البلدية),03.,Guelmim Es Semara,03.221.,Es-Semara,03.221.01.,,11402.0,57035.0,24.0,57011.0
03.261.01.01.,Bouizakarne,بويز كارن (البلدية),03.,Guelmim Es Semara,03.261.,Guelmim,03.261.01.,,3194.0,14228.0,0.0,14228.0
03.261.01.03.,Guelmim,كلميم (البلدية),03.,Guelmim Es Semara,03.261.,Guelmim,03.261.01.,,25667.0,118318.0,143.0,118175.0
03.521.01.01.,Tan Tan,طانطان (البلدية),03.,Guelmim Es Semara,03.521.,Tan-Tan,03.521.01.,,16411.0,73209.0,36.0,73173.0
03.521.01.03.,El Ouatia,الوطية (البلدية),03.,Guelmim Es Semara,03.521.,Tan-Tan,03.521.01.,,2372.0,9295.0,10.0,9285.0
03.551.01.01.,Akka,اقا (البلدية),03.,Guelmim Es Semara,03.551.,Tata,03.551.01.,,1295.0,6870.0,0.0,6870.0
03.551.01.03.,Fam El Hisn,فم الحصن (البلدية),03.,Guelmim Es Semara,03.551.,Tata,03.551.01.,,1300.0,6353.0,2.0,6351.0
03.551.01.05.,Foum Zguid,فم  زكيد (البلدية),03.,Guelmim Es Semara,03.551.,Tata,03.551.01.,,1674.0,8986.0,10.0,8976.0
03.551.01.07.,Tata,طاطا (البلدية),03.,Guelmim Es Semara,03.551.,Tata,03.551.01.,,3723.0,18611.0,12.0,18599.0
04.001.01.01.,Agadir,اكادير (البلدية),04.,Souss-Massa-Draa,04.001.,Agadir-Ida -Ou-Tanane,04.001.01.,,105057.0,421844.0,3426.0,418418.0
04.163.01.03.,Ait Baha,أيت باها (البلدية),04.,Souss-Massa-Draa,04.163.,Chtouka- Ait Baha,04.163.01.,,1346.0,5668.0,1.0,5667.0
04.163.01.11.,Biougra,بيوكرة (البلدية),04.,Souss-Massa-Draa,04.163.,Chtouka- Ait Baha,04.163.01.,,9476.0,37933.0,32.0,37901.0
04.273.01.05.,Ait Melloul,أيت ملول (البلدية),04.,Souss-Massa-Draa,04.273.,Inezgane- Ait Melloul,04.273.01.,,39697.0,171847.0,129.0,171718.0
04.273.01.13.,Dcheira El Jihadia,الدشيرة الجهادية (البلدية),04.,Souss-Massa-Draa,04.273.,Inezgane- Ait Melloul,04.273.01.,,24528.0,100336.0,72.0,100264.0
04.273.01.15.,Inezgane,انزكان (البلدية),04.,Souss-Massa-Draa,04.273.,Inezgane- Ait Melloul,04.273.01.,,29723.0,130333.0,141.0,130192.0
04.273.01.17.,Lqliaa,القليعة (البلدية),04.,Souss-Massa-Draa,04.273.,Inezgane- Ait Melloul,04.273.01.,,18127.0,83235.0,74.0,83161.0
04.401.01.07.,Ouarzazate,ورزازات (البلدية),04.,Souss-Massa-Draa,04.401.,Ouarzazate,04.401.01.,,15475.0,71067.0,192.0,70875.0
04.401.01.09.,Taznakht,تازناخت (البلدية),04.,Souss-Massa-Draa,04.401.,Ouarzazate,04.401.01.,,1528.0,7281.0,5.0,7276.0
04.473.01.01.,Lakhsas,الاخصاص (البلدية),04.,Souss-Massa-Draa,04.473.,Sidi Ifni,04.473.01.,,1121.0,4729.0,0.0,4729.0
04.473.01.03.,Sidi Ifni,سيدي إفني (البلدية),04.,Souss-Massa-Draa,04.473.,Sidi Ifni,04.473.01.,,5463.0,21618.0,29.0,21589.0
04.541.01.01.,Ait Iaaza,أيت ايعزة (البلدية),04.,Souss-Massa-Draa,04.541.,Taroudannt,04.541.01.,,3126.0,14259.0,2.0,14257.0
04.541.01.02.,Aoulouz,أولوز (البلدية),04.,Souss-Massa-Draa,04.541.,Taroudannt,04.541.01.,,3633.0,17409.0,2.0,17407.0
04.541.01.03.,El Guerdane,الكردان (البلدية),04.,Souss-Massa-Draa,04.541.,Taroudannt,04.541.01.,,2674.0,12313.0,3.0,12310.0
04.541.01.05.,Irherm,ايغرم (البلدية),04.,Souss-Massa-Draa,04.541.,Taroudannt,04.541.01.,,1002.0,4108.0,0.0,4108.0
04.541.01.07.,Oulad Berhil,أولاد برحيل (البلدية),04.,Souss-Massa-Draa,04.541.,Taroudannt,04.541.01.,,5041.0,24288.0,3.0,24285.0
04.541.01.09.,Oulad Teima,أولاد تايمة (البلدية),04.,Souss-Massa-Draa,04.541.,Taroudannt,04.541.01.,,19652.0,89387.0,24.0,89363.0
04.541.01.11.,Taliouine,تالوين (البلدية),04.,Souss-Massa-Draa,04.541.,Taroudannt,04.541.01.,,1489.0,6727.0,7.0,6720.0
04.541.01.13.,Taroudannt,تارودانت (البلدية),04.,Souss-Massa-Draa,04.541.,Taroudannt,04.541.01.,,18788.0,80149.0,103.0,80046.0
04.577.01.03.,Boumalne Dades,بو مالن دادس (البلدية),04.,Souss-Massa-Draa,04.577.,Tinghir,04.577.01.,,2294.0,12328.0,6.0,12322.0
04.577.01.05.,Kalaat M'Gouna,قلعة مكونة (البلدية),04.,Souss-Massa-Draa,04.577.,Tinghir,04.577.01.,,3171.0,16956.0,6.0,16950.0
04.577.01.11.,Tinghir,تنغير (البلدية),04.,Souss-Massa-Draa,04.577.,Tinghir,04.577.01.,,7904.0,42044.0,55.0,41989.0
04.581.01.05.,Tafraout,تافراوت (البلدية),04.,Souss-Massa-Draa,04.581.,Tiznit,04.581.01.,,1771.0,6345.0,16.0,6329.0
04.581.01.07.,Tiznit,تزنيت (البلدية),04.,Souss-Massa-Draa,04.581.,Tiznit,04.581.01.,,18420.0,74699.0,91.0,74608.0
04.587.01.01.,Agdz,اكدز (البلدية),04.,Souss-Massa-Draa,04.587.,Zagora,04.587.01.,,1865.0,10681.0,14.0,10667.0
04.587.01.13.,Zagora,زاكورة (البلدية),04.,Souss-Massa-Draa,04.587.,Zagora,04.587.01.,,6332.0,40067.0,39.0,40028.0
05.281.01.01.,Kénitra,القنيطرة (البلدية),05.,Gharb-Chrarda-Beni-Hssen,05.281.,Kénitra,05.281.01.,,102177.0,431282.0,1587.0,429695.0
05.281.01.05.,Mehdya,مهدية (البلدية),05.,Gharb-Chrarda-Beni-Hssen,05.281.,Kénitra,05.281.01.,,6653.0,28636.0,74.0,28562.0
05.281.01.11.,Souk El Arbaa,سوق الاربعاء (البلدية),05.,Gharb-Chrarda-Beni-Hssen,05.281.,Kénitra,05.281.01.,,14268.0,69265.0,28.0,69237.0
05.481.01.01.,Dar Gueddari,دار الكداري (البلدية),05.,Gharb-Chrarda-Beni-Hssen,05.481.,Sidi Kacem,05.481.01.,,1298.0,6643.0,3.0,6640.0
05.481.01.03.,Had Kourt,احد كورت (البلدية),05.,Gharb-Chrarda-Beni-Hssen,05.481.,Sidi Kacem,05.481.01.,,1777.0,7843.0,1.0,7842.0
05.481.01.05.,Jorf El Melha,جرف الملحة (البلدية),05.,Gharb-Chrarda-Beni-Hssen,05.481.,Sidi Kacem,05.481.01.,,5888.0,28681.0,2.0,28679.0
05.481.01.07.,Mechraa Bel Ksiri,مشرع بلقصيري (البلدية),05.,Gharb-Chrarda-Beni-Hssen,05.481.,Sidi Kacem,05.481.01.,,7017.0,31497.0,18.0,31479.0
05.481.01.11.,Sidi Kacem,سيدي قاسم (البلدية),05.,Gharb-Chrarda-Beni-Hssen,05.481.,Sidi Kacem,05.481.01.,,17923.0,75672.0,48.0,75624.0
05.491.01.07.,Sidi Slimane,سيدي سليمان (البلدية),05.,Gharb-Chrarda-Beni-Hssen,05.491.,Sidi Slimane,05.491.01.,,20725.0,92989.0,62.0,92927.0
05.491.01.09.,Sidi Yahya El Gharb,سيدي يحيى الغرب (البلدية),05.,Gharb-Chrarda-Beni-Hssen,05.491.,Sidi Slimane,05.491.01.,,7498.0,37979.0,14.0,37965.0
06.111.01.01.,Benslimane,بنسليمان (البلدية),06.,Chaouia-Ouardigha,06.111.,Benslimane,06.111.01.,,13092.0,57101.0,66.0,57035.0
06.111.01.03.,Bouznika,بوزنيقة (البلدية),06.,Chaouia-Ouardigha,06.111.,Benslimane,06.111.01.,,8488.0,37238.0,105.0,37133.0
06.111.01.05.,El Mansouria,المنصورية (البلدية),06.,Chaouia-Ouardigha,06.111.,Benslimane,06.111.01.,,4842.0,19853.0,266.0,19587.0
06.117.01.03.,Berrechid,برشيد (البلدية),06.,Chaouia-Ouardigha,06.117.,Berrechid,06.117.01.,,31705.0,136634.0,205.0,136429.0
06.117.01.05.,Deroua,الدروة (البلدية),06.,Chaouia-Ouardigha,06.117.,Berrechid,06.117.01.,,10596.0,47719.0,89.0,47630.0
06.117.01.07.,El Gara,الكارة (البلدية),06.,Chaouia-Ouardigha,06.117.,Berrechid,06.117.01.,,4833.0,20855.0,9.0,20846.0
06.117.01.09.,Had Soualem,حد السوالم (البلدية),06.,Chaouia-Ouardigha,06.117.,Berrechid,06.117.01.,,8454.0,36765.0,25.0,36740.0
06.117.01.11.,Oulad Abbou,اولاد عبو (البلدية),06.,Chaouia-Ouardigha,06.117.,Berrechid,06.117.01.,,2277.0,11299.0,6.0,11293.0
06.117.01.13.,Sidi Rahal Chatai,سيدي رحال الشاطئ (البلدية),06.,Chaouia-Ouardigha,06.117.,Berrechid,06.117.01.,,4919.0,20628.0,23.0,20605.0
06.311.01.01.,Bejaad,ابي الجعد (البلدية),06.,Chaouia-Ouardigha,06.311.,Khouribga,06.311.01.,,11091.0,46893.0,40.0,46853.0
06.311.01.03.,Boujniba,بوجنيبة (البلدية),06.,Chaouia-Ouardigha,06.311.,Khouribga,06.311.01.,,3572.0,16030.0,2.0,16028.0
06.311.01.05.,Hattane,حطان (البلدية),06.,Chaouia-Ouardigha,06.311.,Khouribga,06.311.01.,,2364.0,10618.0,0.0,10618.0
06.311.01.07.,Khouribga,خريبكة (البلدية),06.,Chaouia-Ouardigha,06.311.,Khouribga,06.311.01.,,43487.0,196196.0,294.0,195902.0
06.311.01.09.,Oued Zem,وادي زم (البلدية),06.,Chaouia-Ouardigha,06.311.,Khouribga,06.311.01.,,21724.0,95267.0,59.0,95208.0
06.461.01.01.,Ben Ahmed,بن أحمد (البلدية),06.,Chaouia-Ouardigha,06.461.,Settat,06.461.01.,,7222.0,33105.0,17.0,33088.0
06.461.01.05.,El Borouj,البروج (البلدية),06.,Chaouia-Ouardigha,06.461.,Settat,06.461.01.,,3841.0,19235.0,5.0,19230.0
06.461.01.09.,Loulad,لولاد (البلدية),06.,Chaouia-Ouardigha,06.461.,Settat,06.461.01.,,1209.0,6057.0,1.0,6056.0
06.461.01.13.,Oulad M'Rah,اولاد امراح (البلدية),06.,Chaouia-Ouardigha,06.461.,Settat,06.461.01.,,1746.0,8697.0,6.0,8691.0
06.461.01.15.,Settat,سطات (البلدية),06.,Chaouia-Ouardigha,06.461.,Settat,06.461.01.,,32714.0,142250.0,547.0,141703.0
07.041.01.01.,Ait Ourir,أيت أورير (البلدية),07.,Marrakech-Tensift-Al-Haouz,07.041.,Al  Haouz,07.041.01.,,8285.0,39108.0,20.0,39088.0
07.041.01.03.,Amizmiz,أمزميز (البلدية),07.,Marrakech-Tensift-Al-Haouz,07.041.,Al  Haouz,07.041.01.,,3506.0,14364.0,15.0,14349.0
07.041.01.09.,Tahannaout,تحناوت (البلدية),07.,Marrakech-Tensift-Al-Haouz,07.041.,Al  Haouz,07.041.01.,,2684.0,12102.0,12.0,12090.0
07.161.01.01.,Chichaoua,شيشاوة (البلدية),07.,Marrakech-Tensift-Al-Haouz,07.161.,Chichaoua,07.161.01.,,6024.0,27869.0,41.0,27828.0
07.161.01.03.,Imintanoute,امنتانوت (البلدية),07.,Marrakech-Tensift-Al-Haouz,07.161.,Chichaoua,07.161.01.,,4710.0,20837.0,5.0,20832.0
07.191.01.03.,El Kelaâ des Sraghna,قلعة السراغنة (البلدية),07.,Marrakech-Tensift-Al-Haouz,07.191.,El Kelâa des  Sraghna,07.191.01.,,20139.0,95224.0,79.0,95145.0
07.191.01.05.,Laattaouia,العطاوية (البلدية),07.,Marrakech-Tensift-Al-Haouz,07.191.,El Kelâa des  Sraghna,07.191.01.,,6125.0,30315.0,7.0,30308.0
07.191.01.07.,Sidi Rahhal,سيدي رحال (البلدية),07.,Marrakech-Tensift-Al-Haouz,07.191.,El Kelâa des  Sraghna,07.191.01.,,2012.0,9906.0,3.0,9903.0
07.191.01.09.,Tamallalt,تملالت (البلدية),07.,Marrakech-Tensift-Al-Haouz,07.191.,El Kelâa des  Sraghna,07.191.01.,,3200.0,16539.0,4.0,16535.0
07.211.01.01.,Ait Daoud,أيت داوود (البلدية),07.,Marrakech-Tensift-Al-Haouz,07.211.,Essaouira,07.211.01.,,657.0,2957.0,0.0,2957.0
07.211.01.03.,El Hanchane,الحنشان (البلدية),07.,Marrakech-Tensift-Al-Haouz,07.211.,Essaouira,07.211.01.,,1131.0,4965.0,12.0,4953.0
07.211.01.05.,Essaouira,الصويرة (البلدية),07.,Marrakech-Tensift-Al-Haouz,07.211.,Essaouira,07.211.01.,,20290.0,77966.0,540.0,77426.0
07.211.01.07.,Talmest,تالمست (البلدية),07.,Marrakech-Tensift-Al-Haouz,07.211.,Essaouira,07.211.01.,,1039.0,4328.0,1.0,4327.0
07.211.01.09.,Tamanar,تمنار (البلدية),07.,Marrakech-Tensift-Al-Haouz,07.211.,Essaouira,07.211.01.,,2373.0,10584.0,0.0,10584.0
07.351.01.01.,Méchouar-Kasba,المشور-القصبة (البلدية),07.,Marrakech-Tensift-Al-Haouz,07.351.,Marrakech,07.351.01.,,3973.0,16860.0,173.0,16687.0
07.427.01.01.,Ben Guerir,ابن جرير (البلدية),07.,Marrakech-Tensift-Al-Haouz,07.427.,Rehamna,07.427.01.,,18752.0,88626.0,20.0,88606.0
07.427.01.17.,Sidi Bou Othmane,سيدي بوعثمان (البلدية),07.,Marrakech-Tensift-Al-Haouz,07.427.,Rehamna,07.427.01.,,1873.0,9181.0,3.0,9178.0
08.113.01.01.,Ahfir,احفير (البلدية),08.,Oriental,08.113.,Berkane,08.113.01.,,4705.0,19630.0,135.0,19495.0
08.113.01.05.,Ain Erreggada,عين الركادة (البلدية),08.,Oriental,08.113.,Berkane,08.113.01.,,639.0,2694.0,6.0,2688.0
08.113.01.07.,Aklim,اكليم (البلدية),08.,Oriental,08.113.,Berkane,08.113.01.,,2194.0,9695.0,0.0,9695.0
08.113.01.09.,Berkane,بركان (البلدية),08.,Oriental,08.113.,Berkane,08.113.01.,,26087.0,109237.0,224.0,109013.0
08.113.01.25.,Saidia,السعيدية (البلدية),08.,Oriental,08.113.,Berkane,08.113.01.,,2188.0,8780.0,60.0,8720.0
08.113.01.29.,Sidi Slimane Echcharraa,سيدي سليمان - الشراعة (البلدية),08.,Oriental,08.113.,Berkane,08.113.01.,,6699.0,30202.0,52.0,30150.0
08.167.01.03.,Ben Taieb,بن الطيب (البلدية),08.,Oriental,08.167.,Driouch,08.167.01.,,3122.0,14257.0,0.0,14257.0
08.167.01.09.,Driouch,الدريوش (البلدية),08.,Oriental,08.167.,Driouch,08.167.01.,,3285.0,14741.0,8.0,14733.0
08.167.01.13.,Midar,ميضار (البلدية),08.,Oriental,08.167.,Driouch,08.167.01.,,3306.0,15021.0,1.0,15020.0
08.251.01.01.,Bouarfa,بوعرفة (البلدية),08.,Oriental,08.251.,Figuig,08.251.01.,,5964.0,28846.0,13.0,28833.0
08.251.01.03.,Figuig,فجيج (البلدية),08.,Oriental,08.251.,Figuig,08.251.01.,,2774.0,10872.0,11.0,10861.0
08.275.01.03.,Ain Bni Mathar,عين بني مطهر (البلدية),08.,Oriental,08.275.,Jerada,08.275.01.,,3180.0,16289.0,58.0,16231.0
08.275.01.17.,Jerada,جرادة (البلدية),08.,Oriental,08.275.,Jerada,08.275.01.,,8953.0,43506.0,16.0,43490.0
08.275.01.35.,Touissit,تويسيت (البلدية),08.,Oriental,08.275.,Jerada,08.275.01.,,721.0,3137.0,3.0,3134.0
08.381.01.01.,Al Aaroui,العروي (البلدية),08.,Oriental,08.381.,Nador,08.381.01.,,10132.0,47599.0,13.0,47586.0
08.381.01.03.,Bni Ansar,بني انصار (البلدية),08.,Oriental,08.381.,Nador,08.381.01.,,12897.0,56582.0,67.0,56515.0
08.381.01.05.,Nador,الناضور (البلدية),08.,Oriental,08.381.,Nador,08.381.01.,,37565.0,161726.0,283.0,161443.0
08.381.01.07.,Zaio,زايو (البلدية),08.,Oriental,08.381.,Nador,08.381.01.,,8282.0,35806.0,19.0,35787.0
08.381.01.09.,Zeghanghane,ازغنغان (البلدية),08.,Oriental,08.381.,Nador,08.381.01.,,7941.0,34025.0,21.0,34004.0
08.381.01.15.,Ras El Ma,رأس الماء (البلدية),08.,Oriental,08.381.,Nador,08.381.01.,,1836.0,7580.0,13.0,7567.0
08.381.01.19.,Selouane,سلوان (البلدية),08.,Oriental,08.381.,Nador,08.381.01.,,5025.0,21570.0,13.0,21557.0
08.411.01.11.,Bni Drar,بني درار (البلدية),08.,Oriental,08.411.,Oujda-Angad,08.411.01.,,2268.0,10934.0,36.0,10898.0
08.411.01.19.,Naima,النعيمة (البلدية),08.,Oriental,08.411.,Oujda-Angad,08.411.01.,,233.0,1088.0,0.0,1088.0
08.411.01.23.,Oujda,وجدة (البلدية),08.,Oriental,08.411.,Oujda-Angad,08.411.01.,,113020.0,494252.0,2321.0,491931.0
08.533.01.13.,Debdou,دبدو (البلدية),08.,Oriental,08.533.,Taourirt,08.533.01.,,1137.0,4960.0,4.0,4956.0
08.533.01.15.,El Aioun Sidi Mellouk,العيون سيدي ملوك (البلدية),08.,Oriental,08.533.,Taourirt,08.533.01.,,8625.0,41832.0,78.0,41754.0
08.533.01.33.,Taourirt,تاوريرت (البلدية),08.,Oriental,08.533.,Taourirt,08.533.01.,,20182.0,103398.0,33.0,103365.0
09.141.01.81.,Mechouar de Casablanca,مشوار الدار البيضاء (البلدية),09.,Grand Casablanca,09.141.,Casablanca,09.141.01.,,645.0,2645.0,24.0,2621.0
09.355.01.01.,Lahraouyine,الهراويين (البلدية),09.,Grand Casablanca,09.355.,Médiouna,09.355.01.,,15160.0,64821.0,32.0,64789.0
09.355.01.03.,Mediouna,مديونة (البلدية),09.,Grand Casablanca,09.355.,Médiouna,09.355.01.,,5042.0,22442.0,20.0,22422.0
09.355.01.05.,Tit Mellil,تيط مليل (البلدية),09.,Grand Casablanca,09.355.,Médiouna,09.355.01.,,7187.0,32782.0,51.0,32731.0
09.371.01.01.,Mohammadia,المحمدية (البلدية),09.,Grand Casablanca,09.371.,Mohammadia,09.371.01.,,49974.0,208612.0,2424.0,206188.0
09.371.01.03.,Ain Harrouda,عين حرودة (البلدية),09.,Grand Casablanca,09.371.,Mohammadia,09.371.01.,,15143.0,62420.0,57.0,62363.0
09.385.01.01.,Bouskoura,بوسكورة (البلدية),09.,Grand Casablanca,09.385.,Nouaceur,09.385.01.,,23319.0,103026.0,216.0,102810.0
09.385.01.02.,Dar Bouazza,دار بوعزة (البلدية),09.,Grand Casablanca,09.385.,Nouaceur,09.385.01.,,35998.0,151373.0,750.0,150623.0
09.385.01.03.,Nouaceur,النواصر (البلدية),09.,Grand Casablanca,09.385.,Nouaceur,09.385.01.,,4913.0,23802.0,71.0,23731.0
10.291.01.01.,Khémisset,الخميسات (البلدية),10.,Rabat-Salé-Zemmour-Zaer,10.291.,Khémisset,10.291.01.,,32066.0,131542.0,68.0,131474.0
10.291.01.03.,Rommani,الرماني (البلدية),10.,Rabat-Salé-Zemmour-Zaer,10.291.,Khémisset,10.291.01.,,2838.0,12297.0,5.0,12292.0
10.291.01.05.,Tiflet,تيفلت (البلدية),10.,Rabat-Salé-Zemmour-Zaer,10.291.,Khémisset,10.291.01.,,20623.0,86709.0,68.0,86641.0
10.291.01.17.,Sidi Allal El Bahraoui,سيدي علال البحراوي (البلدية),10.,Rabat-Salé-Zemmour-Zaer,10.291.,Khémisset,10.291.01.,,3643.0,15866.0,10.0,15856.0
10.421.01.07.,Touarga,التواركة (البلدية),10.,Rabat-Salé-Zemmour-Zaer,10.421.,Rabat,10.421.01.,,812.0,3932.0,8.0,3924.0
10.441.01.08.,Sidi Bouknadel,سيدي بوقنادل (البلدية),10.,Rabat-Salé-Zemmour-Zaer,10.441.,Salé,10.441.01.,,4955.0,25255.0,9.0,25246.0
10.501.01.01.,Ain El Aouda,عين العودة (البلدية),10.,Rabat-Salé-Zemmour-Zaer,10.501.,Skhirate- Témara,10.501.01.,,11063.0,49816.0,44.0,49772.0
10.501.01.03.,Harhoura,الهرهورة (البلدية),10.,Rabat-Salé-Zemmour-Zaer,10.501.,Skhirate- Témara,10.501.01.,,4398.0,15361.0,615.0,14746.0
10.501.01.05.,Skhirate,الصخيرات (البلدية),10.,Rabat-Salé-Zemmour-Zaer,10.501.,Skhirate- Témara,10.501.01.,,13623.0,59775.0,177.0,59598.0
10.501.01.07.,Témara,تمارة (البلدية),10.,Rabat-Salé-Zemmour-Zaer,10.501.,Skhirate- Témara,10.501.01.,,75440.0,313510.0,1264.0,312246.0
10.501.01.09.,Ain Attig,عين عتيق (البلدية),10.,Rabat-Salé-Zemmour-Zaer,10.501.,Skhirate- Témara,10.501.01.,,5396.0,25078.0,51.0,25027.0
11.181.01.01.,Azemmour,أزمور (البلدية),11.,Doukkala-Abda,11.181.,El Jadida,11.181.01.,,9865.0,40920.0,55.0,40865.0
11.181.01.03.,El Jadida,الجديدة (البلدية),11.,Doukkala-Abda,11.181.,El Jadida,11.181.01.,,49160.0,194934.0,999.0,193935.0
11.181.01.05.,Lbir Jdid,لبير الجديد (البلدية),11.,Doukkala-Abda,11.181.,El Jadida,11.181.01.,,5337.0,24136.0,51.0,24085.0
11.431.01.03.,Safi,آسفي (البلدية),11.,Doukkala-Abda,11.431.,Safi,11.431.01.,,72935.0,308508.0,333.0,308175.0
11.431.01.09.,Jamaat Shaim,جماعة سحيم (البلدية),11.,Doukkala-Abda,11.431.,Safi,11.431.01.,,2496.0,11251.0,15.0,11236.0
11.431.01.11.,Sebt Gzoula,سبت كزولة (البلدية),11.,Doukkala-Abda,11.431.,Safi,11.431.01.,,4136.0,18543.0,7.0,18536.0
11.467.01.07.,Sidi Bennour,سيدي بنور (البلدية),11.,Doukkala-Abda,11.467.,Sidi Bennour,11.467.01.,,12507.0,55815.0,43.0,55772.0
11.467.01.09.,Zemamra,زمامرة (البلدية),11.,Doukkala-Abda,11.467.,Sidi Bennour,11.467.01.,,2916.0,13279.0,4.0,13275.0
11.585.01.07.,Echemmaia,الشماعية (البلدية),11.,Doukkala-Abda,11.585.,Youssoufia,11.585.01.,,4911.0,24303.0,4.0,24299.0
11.585.01.13.,Youssoufia,اليوسفية (البلدية),11.,Doukkala-Abda,11.585.,Youssoufia,11.585.01.,,14762.0,67628.0,57.0,67571.0
12.081.01.01.,Azilal,أزيلال (البلدية),12.,Tadla-Azilal,12.081.,Azilal,12.081.01.,,8438.0,38520.0,11.0,38509.0
12.081.01.03.,Demnate,دمنات (البلدية),12.,Tadla-Azilal,12.081.,Azilal,12.081.01.,,6239.0,29504.0,12.0,29492.0
12.091.01.01.,Béni Mellal,بني ملال (البلدية),12.,Tadla-Azilal,12.091.,Béni Mellal,12.091.01.,,45529.0,192676.0,314.0,192362.0
12.091.01.03.,El Ksiba,القصيبة (البلدية),12.,Tadla-Azilal,12.091.,Béni Mellal,12.091.01.,,5391.0,20001.0,15.0,19986.0
12.091.01.07.,Kasba Tadla,قصبة تادلة (البلدية),12.,Tadla-Azilal,12.091.,Béni Mellal,12.091.01.,,11488.0,47343.0,77.0,47266.0
12.091.01.13.,Zaouiat Cheikh,زاوية الشيخ (البلدية),12.,Tadla-Azilal,12.091.,Béni Mellal,12.091.01.,,6614.0,25388.0,5.0,25383.0
12.255.01.05.,Fquih Ben Salah,الفقيه بن صالح (البلدية),12.,Tadla-Azilal,12.255.,Fquih Ben Salah,12.255.01.,,22584.0,102019.0,73.0,101946.0
12.255.01.09.,Ouled Ayad,أولاد عياد (البلدية),12.,Tadla-Azilal,12.255.,Fquih Ben Salah,12.255.01.,,4831.0,23818.0,4.0,23814.0
12.255.01.11.,Souk Sebt Ouled Nemma,سوق السبت أولاد النمة (البلدية),12.,Tadla-Azilal,12.255.,Fquih Ben Salah,12.255.01.,,12145.0,60076.0,22.0,60054.0
13.061.01.01.,Meknès,مكناس (البلدية),13.,Meknes-Tafilalet,13.061.,Meknès,13.061.01.,,126319.0,520428.0,1132.0,519296.0
13.061.01.03.,Al Machouar - Stinia,المشور الستينية (البلدية),13.,Meknes-Tafilalet,13.061.,Meknès,13.061.01.,,1264.0,4664.0,11.0,4653.0
13.061.01.05.,Boufakrane,بوفكران (البلدية),13.,Meknes-Tafilalet,13.061.,Meknès,13.061.01.,,2902.0,12941.0,15.0,12926.0
13.061.01.07.,Toulal,تولال (البلدية),13.,Meknes-Tafilalet,13.061.,Meknès,13.061.01.,,4434.0,19077.0,19.0,19058.0
13.061.01.09.,Moulay Driss Zerhoun,مولاي ادريس زرهون (البلدية),13.,Meknes-Tafilalet,13.061.,Meknès,13.061.01.,,3022.0,11615.0,12.0,11603.0
13.061.01.11.,Ouislane,ويسلان (البلدية),13.,Meknes-Tafilalet,13.061.,Meknès,13.061.01.,,19562.0,87910.0,30.0,87880.0
13.171.01.01.,Agourai,اكوراي (البلدية),13.,Meknes-Tafilalet,13.171.,El  Hajeb,13.171.01.,,3770.0,16651.0,8.0,16643.0
13.171.01.03.,Ain Taoujdate,عين تاوجطات (البلدية),13.,Meknes-Tafilalet,13.171.,El  Hajeb,13.171.01.,,6486.0,28288.0,12.0,28276.0
13.171.01.05.,El Hajeb,الحاجب (البلدية),13.,Meknes-Tafilalet,13.171.,El  Hajeb,13.171.01.,,8633.0,35282.0,18.0,35264.0
13.171.01.07.,Sabaa Aiyoun,سبع عيون (البلدية),13.,Meknes-Tafilalet,13.171.,El  Hajeb,13.171.01.,,5570.0,26277.0,6.0,26271.0
13.201.01.01.,Arfoud,ارفود (البلدية),13.,Meknes-Tafilalet,13.201.,Errachidia,13.201.01.,,5547.0,29279.0,17.0,29262.0
13.201.01.03.,Boudnib,بوذنيب (البلدية),13.,Meknes-Tafilalet,13.201.,Errachidia,13.201.01.,,2350.0,11373.0,5.0,11368.0
13.201.01.05.,Errachidia,الرشيدية (البلدية),13.,Meknes-Tafilalet,13.201.,Errachidia,13.201.01.,,19475.0,92374.0,75.0,92299.0
13.201.01.09.,Goulmima,كلميمة (البلدية),13.,Meknes-Tafilalet,13.201.,Errachidia,13.201.01.,,3425.0,16419.0,8.0,16411.0
13.201.01.11.,Jorf,الجرف (البلدية),13.,Meknes-Tafilalet,13.201.,Errachidia,13.201.01.,,2227.0,12302.0,0.0,12302.0
13.201.01.13.,Moulay Ali Cherif,مولاي علي الشريف (البلدية),13.,Meknes-Tafilalet,13.201.,Errachidia,13.201.01.,,3799.0,22209.0,3.0,22206.0
13.201.01.15.,Tinejdad,تنجداد (البلدية),13.,Meknes-Tafilalet,13.201.,Errachidia,13.201.01.,,1691.0,8942.0,53.0,8889.0
13.271.01.01.,Azrou,ازرو (البلدية),13.,Meknes-Tafilalet,13.271.,Ifrane,13.271.01.,,13854.0,54350.0,73.0,54277.0
13.271.01.03.,Ifrane,إفران (البلدية),13.,Meknes-Tafilalet,13.271.,Ifrane,13.271.01.,,3373.0,14659.0,237.0,14422.0
13.301.01.01.,Khenifra,خنيفرة (البلدية),13.,Meknes-Tafilalet,13.301.,Khénifra,13.301.01.,,29281.0,117510.0,67.0,117443.0
13.301.01.05.,M'Rirt,مريرت (البلدية),13.,Meknes-Tafilalet,13.301.,Khénifra,13.301.01.,,11012.0,42730.0,12.0,42718.0
13.363.01.03.,Midelt,ميدلت (البلدية),13.,Meknes-Tafilalet,13.363.,Midelt,13.363.01.,,13111.0,55304.0,38.0,55266.0
13.363.01.07.,Er-rich,الريش (البلدية),13.,Meknes-Tafilalet,13.363.,Midelt,13.363.01.,,5710.0,25992.0,7.0,25985.0
14.131.01.01.,Boulemane,بولمان (البلدية),14.,Fès-Boulemane,14.131.,Boulemane,14.131.01.,,1803.0,7104.0,2.0,7102.0
14.131.01.02.,Imouzzer Marmoucha,ايموزار مرموشة (البلدية),14.,Fès-Boulemane,14.131.,Boulemane,14.131.01.,,1027.0,4213.0,0.0,4213.0
14.131.01.03.,Missour,ميسور (البلدية),14.,Fès-Boulemane,14.131.,Boulemane,14.131.01.,,5923.0,25584.0,13.0,25571.0
14.131.01.05.,Outat El Haj,أوطاط الحاج (البلدية),14.,Fès-Boulemane,14.131.,Boulemane,14.131.01.,,3523.0,16388.0,1.0,16387.0
14.231.01.03.,Méchouar Fès Jdid,المشور فاس الجديد (البلدية),14.,Fès-Boulemane,14.231.,Fès,14.231.01.,,5416.0,20560.0,23.0,20537.0
14.451.01.01.,Bhalil,البهاليل (البلدية),14.,Fès-Boulemane,14.451.,Sefrou,14.451.01.,,3468.0,12997.0,9.0,12988.0
14.451.01.03.,El Menzel,المنزل (البلدية),14.,Fès-Boulemane,14.451.,Sefrou,14.451.01.,,3142.0,12641.0,6.0,12635.0
14.451.01.05.,Imouzzer Kandar,إيموزار كندر (البلدية),14.,Fès-Boulemane,14.451.,Sefrou,14.451.01.,,4571.0,19125.0,20.0,19105.0
14.451.01.07.,Ribate El Kheir,رباط الخير (البلدية),14.,Fès-Boulemane,14.451.,Sefrou,14.451.01.,,3979.0,16739.0,17.0,16722.0
14.451.01.09.,Sefrou,صفرو (البلدية),14.,Fès-Boulemane,14.451.,Sefrou,14.451.01.,,20236.0,79887.0,118.0,79769.0
14.591.01.01.,Moulay Yacoub,مولاي يعقوب (البلدية),14.,Fès-Boulemane,14.591.,Moulay Yacoub,14.591.01.,,982.0,4612.0,1.0,4611.0
15.051.01.01.,Al Hoceima,الحسيمة (البلدية),15.,Taza-Al Hoceima-Taounate,15.051.,Al Hoceima,15.051.01.,,13881.0,56716.0,50.0,56666.0
15.051.01.03.,Bni Bouayach,بني بوعياش (البلدية),15.,Taza-Al Hoceima-Taounate,15.051.,Al Hoceima,15.051.01.,,4062.0,18271.0,9.0,18262.0
15.051.01.05.,Imzouren,امزورن (البلدية),15.,Taza-Al Hoceima-Taounate,15.051.,Al Hoceima,15.051.01.,,7440.0,33852.0,8.0,33844.0
15.051.01.07.,Targuist,تارجيست (البلدية),15.,Taza-Al Hoceima-Taounate,15.051.,Al Hoceima,15.051.01.,,2969.0,13390.0,25.0,13365.0
15.051.01.09.,Ajdir,أجدير (البلدية),15.,Taza-Al Hoceima-Taounate,15.051.,Al Hoceima,15.051.01.,,1292.0,5314.0,13.0,5301.0
15.265.01.03.,Guercif,جرسيف (البلدية),15.,Taza-Al Hoceima-Taounate,15.265.,Guercif,15.265.01.,,18779.0,90880.0,52.0,90828.0
15.531.01.01.,Ghafsai,غفساي (البلدية),15.,Taza-Al Hoceima-Taounate,15.531.,Taounate,15.531.01.,,1546.0,6361.0,20.0,6341.0
15.531.01.03.,Karia Ba Mohamed,قرية با محمد (البلدية),15.,Taza-Al Hoceima-Taounate,15.531.,Taounate,15.531.01.,,4158.0,18762.0,9.0,18753.0
15.531.01.05.,Taounate,تاونات (البلدية),15.,Taza-Al Hoceima-Taounate,15.531.,Taounate,15.531.01.,,8583.0,37616.0,24.0,37592.0
15.531.01.07.,Thar Es-souk,طهر السوق (البلدية),15.,Taza-Al Hoceima-Taounate,15.531.,Taounate,15.531.01.,,1165.0,5182.0,0.0,5182.0
15.531.01.09.,Tissa,تيسة (البلدية),15.,Taza-Al Hoceima-Taounate,15.531.,Taounate,15.531.01.,,2298.0,11195.0,0.0,11195.0
15.561.01.01.,Aknoul,اكنول (البلدية),15.,Taza-Al Hoceima-Taounate,15.561.,Taza,15.561.01.,,1038.0,4403.0,0.0,4403.0
15.561.01.05.,Oued Amlil,واد امليل (البلدية),15.,Taza-Al Hoceima-Taounate,15.561.,Taza,15.561.01.,,2154.0,10405.0,2.0,10403.0
15.561.01.07.,Tahla,تاهلة (البلدية),15.,Taza-Al Hoceima-Taounate,15.561.,Taza,15.561.01.,,6242.0,27729.0,6.0,27723.0
15.561.01.11.,Taza,تازة (البلدية),15.,Taza-Al Hoceima-Taounate,15.561.,Taza,15.561.01.,,34425.0,148456.0,103.0,148353.0
16.151.01.01.,Chefchaouen,شفشاون (البلدية),16.,Tanger-Tetouan,16.151.,Chefchaouen,16.151.01.,,10295.0,42786.0,92.0,42694.0
16.331.01.01.,Ksar El Kebir,القصر الكبير (البلدية),16.,Tanger-Tetouan,16.331.,Larache,16.331.01.,,29514.0,126617.0,114.0,126503.0
16.331.01.03.,Larache,العرائش (البلدية),16.,Tanger-Tetouan,16.331.,Larache,16.331.01.,,30400.0,125008.0,199.0,124809.0
16.405.01.09.,Ouezzane,وزان (البلدية),16.,Tanger-Tetouan,16.405.,Ouezzane,16.405.01.,,14835.0,59606.0,106.0,59500.0
16.511.01.01.,Assilah,اصيلة (البلدية),16.,Tanger-Tetouan,16.511.,Tanger-Assilah,16.511.01.,,7947.0,31147.0,93.0,31054.0
16.511.01.09.,Gueznaia,كزناية (البلدية),16.,Tanger-Tetouan,16.511.,Tanger-Assilah,16.511.01.,,6100.0,23601.0,20.0,23581.0
16.571.01.07.,Oued Laou,واد لو (البلدية),16.,Tanger-Tetouan,16.571.,Tétouan,16.571.01.,,2441.0,9665.0,6.0,9659.0
16.571.01.11.,Tétouan,تطوان (البلدية),16.,Tanger-Tetouan,16.571.,Tétouan,16.571.01.,,92606.0,380787.0,564.0,380223.0
16.573.01.01.,Fnideq,الفنيدق (البلدية),16.,Tanger-Tetouan,16.573.,M'Diq-Fnideq,16.573.01.,,18491.0,77436.0,187.0,77249.0
16.573.01.03.,Martil,مرتيل (البلدية),16.,Tanger-Tetouan,16.573.,M'Diq-Fnideq,16.573.01.,,16578.0,64355.0,267.0,64088.0
16.573.01.05.,M'Diq,المضيق (البلدية),16.,Tanger-Tetouan,16.573.,M'Diq-Fnideq,16.573.01.,,13435.0,56227.0,81.0,56146.0
