titles,CT,Collectivité territorial,المواضيع
تعزيز الشفافية الولوج إلى المعلومة,جهة طنجة تطوان الحسيمة,Region Tanger-Tetouan-Al Hoceima,الولوج إلى المعلومة
إطلاق منصة إلكترونية لتتبع وتقييم برنامج التنمية الجهوية,جهة طنجة تطوان الحسيمة,Region Tanger-Tetouan-Al Hoceima,تتبع وتقييم برامج التنمية
تنفيذ استراتيجية جهوية للإدماج والنوع الاجتماعي,جهة طنجة تطوان الحسيمة,Region Tanger-Tetouan-Al Hoceima,"النوع 
الإعاقة"
الميزانية المستجيبة للنوع وميزانية المواطن,جهة طنجة تطوان الحسيمة,Region Tanger-Tetouan-Al Hoceima,الميزانية
النشر الاستباقي للمعلومات,جهة طنجة تطوان الحسيمة,Region Tanger-Tetouan-Al Hoceima,الولوج إلى المعلومة
‏تشكيل ودعم قدرات الهيئات الاستشارية,جماعة تطوان,Commune Tetouan,الهيئات الإستشارية
اعداد ونشر ميزانية المواطن,جماعة تطوان,Commune Tetouan,الميزانية
إعداد ميزانية تشاركية,جماعة تطوان,Commune Tetouan,الميزانية
إعداد دليل للدعم و الشراكة مع هيئات المجتمع المدني,جماعة تطوان,Commune Tetouan,المشاركة المواطنة
النشر الاستباقي للمعلومات الأولية و الولوج للمعلومة,جماعة تطوان,Commune Tetouan,الولوج إلى المعلومة
إعداد برامج عمل موضوعاتية من طرف الهيئات الاستشارية,جماعة تطوان,Commune Tetouan,الهيئات الإستشارية
الدمج الإجتماعي بالتنشيط الثقافي والرياضي والفني,جماعة تطوان,Commune Tetouan,"الثقافة 
الرياضة"
التتبع العمومي لبرنامج عمل الجماعة 2023_2028,جماعة تطوان,Commune Tetouan,تتبع وتقييم برامج التنمية
الرقمنة من أجل خدمات جماعية ذات جودة وفعالية,جماعة تطوان,Commune Tetouan,الرقمنة
التواصل الدامج,جماعة تطوان,Commune Tetouan,التواصل
الولوج الشامل للتراث,جماعة تطوان,Commune Tetouan,الجاذبية الترابية
إحداث مرصد جماعي للبيئة والمناخ والتنمية المستدامة,جماعة تطوان,Commune Tetouan,البيئة
تيسيرالواوج إلى المعلومة,جماعة طنجة,Commune Tanger,الولوج إلى المعلومة
وضع خطة تواصلية لتكريس وتعزيز الشفافية.,جماعة طنجة,Commune Tanger,التواصل
الخدمات الرقمية,جماعة طنجة,Commune Tanger,الرقمنة
دورات تكوينية حول ورش الشفافية ومبادئ الحكامة الجيدة,جماعة طنجة,Commune Tanger,المشاركة المواطنة
تعزيز آليات تقديم العرائض.,جماعة طنجة,Commune Tanger,العرائض
إحداث المجلس الجماعي للطفل,جماعة طنجة,Commune Tanger,الطفل
إحداث مكتب المواطن,جماعة طنجة,Commune Tanger,المشاركة المواطنة
خلق شبكة الكترونية للتواصل الداخلي,جماعة طنجة,Commune Tanger,الحكامة الداخلية
تجويد آليات التواصل,جماعة العرائش,Commune Larache,التواصل
اعداد دليل ترويجي لابراز مؤهلات جماعة العرائش السياحية,جماعة العرائش,Commune Larache,الجاذبية الترابية
الصيانة و المحافظة على المناطق الخضراء,جماعة العرائش,Commune Larache,البيئة
ميزانية المواطن,جماعة العرائش,Commune Larache,الميزانية
الميزانية التشاركية,جماعة العرائش,Commune Larache,الميزانية
إحداث المجلس الجماعي للشباب,جماعة العرائش,Commune Larache,المشاركة المواطنة
إنشاء قسم التواصل و تزويده باللوجستيك و الموارد البشرية,جماعة العرائش,Commune Larache,التواصل
إحداث هوية بصرية للمدينة ( مثلا حمامة تطوان ),جماعة العرائش,Commune Larache,التواصل
تدبير ملاعب القرب,جماعة الحسيمة,Commune Al Hoceima,الرياضة
تأهيل شواطئ المدينة,جماعة الحسيمة,Commune Al Hoceima,"الجاذبية الترابية 
البيئة"
احداث مرصد للبيئة بجماعة الحسيمة,جماعة الحسيمة,Commune Al Hoceima,الرياضة
تمكين الشباب وتأهيلهم من أجل مشاركة فاعلة في تدبير الشأن المحلي,جماعة الحسيمة,Commune Al Hoceima,المشاركة المواطنة
المساحات الخضراء,جماعة الحسيمة,Commune Al Hoceima,البيئة
تمكين الاشخاص في وضعية اعاقة والمسنين من الولوج الى المرافق والساحات العمومية,جماعة الحسيمة,Commune Al Hoceima,الإعاقة
اعداد ميزانية تشاركية,جماعة الحسيمة,Commune Al Hoceima,الميزانية
الرقمنة و التواصل,جماعة شفشاون,Commune Chefchaouen,التواصل
المعلومة,جماعة شفشاون,Commune Chefchaouen,الولوج إلى المعلومة
الميزانية التشاركية,جماعة شفشاون,Commune Chefchaouen,الميزانية
مكتب المواطن,جماعة شفشاون,Commune Chefchaouen,المشاركة المواطنة
الحكامة,جماعة شفشاون,Commune Chefchaouen,الحكامة الداخلية
المجتمع المدني,جماعة شفشاون,Commune Chefchaouen,المشاركة المواطنة
الشفافية,جماعة شفشاون,Commune Chefchaouen,تتبع وتقييم برامج التنمية
اعداد ميثاق المشاركة المواطنة,جهة الشرق,Region de l Oriental,المشاركة المواطنة
العيش المشترك دون تمييز,جهة الشرق,Region de l Oriental,المشاركة المواطنة
تنظيم معارض جهوية للاقتصاد الاجتماعي والتضامني والتسويق الرقمي للمنتجات المجالية,جهة الشرق,Region de l Oriental,الجاذبية الترابية
المساهمة في الحد من هجرة الادمغة واستقطاب الكفاءات من مغاربة العالم,جهة الشرق,Region de l Oriental,الهجرة
تجهيزوتدبيرمنصة تثمين المنتجات المجالية,جهة الشرق,Region de l Oriental,الجاذبية الترابية
دعم الأنشطة المدرة للدخل بجهة الشرق,جهة الشرق,Region de l Oriental,الجاذبية الترابية
الحد من الهشاشة في صفوف النساء في وضعية صعبة والأشخاص في وضعية اعاقة,جهة الشرق,Region de l Oriental,النوع
الاهتمام بقضايا النوع,جهة الشرق,Region de l Oriental,النوع
تسهيل ادماج الشباب في مهن الرقمنة,جهة الشرق,Region de l Oriental,"الرقمنة 
التنمية الاقتصادية"
حكامة تدبير قضايا الهجرة بجهة الشرق,جهة الشرق,Region de l Oriental,الهجرة
تيسير الولوج للمعلومة,جهة الشرق,Region de l Oriental,الولوج إلى المعلومة
تسريع وتيرة التحول الرقمي بادارة الجهة,جهة الشرق,Region de l Oriental,الرقمنة
دعم الابتكار,جهة الشرق,Region de l Oriental,الإبتكار
تجويد التواصل المؤسساتي بجهة الشرق,جهة الشرق,Region de l Oriental,التواصل
مواكبة الهيئات الاستشارية,جهة الشرق,Region de l Oriental,الهيئات الإستشارية
دعم المشاركة المواطنة والانفتاح,جهة الشرق,Region de l Oriental,المشاركة المواطنة
تدبير العرائض,جهة الشرق,Region de l Oriental,العرائض
إحداث موقع الكتروني يضمن النشر الاستباقي للمعلومة,إقليم صفرو,Province Sefrou,الولوج إلى المعلومة
تنظيم لقاءات و دورات تكوينية وتحسيسية في مجالات الوصول إلى المعلومة والرقمنة,إقليم صفرو,Province Sefrou,"الولوج إلى المعلومة 
التواصل 
الرقمنة"
إحداث منصة رقمية لتكريس الشفافية وإعمال الحق في الحصول على المعلومات,إقليم صفرو,Province Sefrou,"الولوج إلى المعلومة 
الرقمنة"
إحداث شبكة إقليمية للهيآت الاسشارية,إقليم صفرو,Province Sefrou,الهيئات الإستشارية
"احداث مراحيض عمومية,",جماعة فاس,Commune Fes,تحسين الخدمات العمومية
تتبع وتقييم تنفيذ دراسة الجدوى لتدبير النفايات,جماعة فاس,Commune Fes,تدبير النفايات
تجهيز مداخل المدينة وملتقياتها بعلامات التوجيه الضرورية والمناسبة,جماعة فاس,Commune Fes,الجاذبية الترابية
الاحساس بالانتماء الترابي,جماعة مكناس,Commune Meknes,الجاذبية الترابية
نهج اساليب التدبير الحديث في تدبير المرافق الجماعية,جماعة مكناس,Commune Meknes,الحكامة الداخلية
استعمال الرقمنة للنشر الاستباقي والولوج للمعلومة,جماعة مكناس,Commune Meknes,الولوج إلى المعلومة
وضع منظومة لتتبع البرامج وتقييمها,جماعة مكناس,Commune Meknes,تتبع وتقييم برامج التنمية
وضع تصاميم متعلقة بالولوجيات بالجماعة,جماعة مكناس,Commune Meknes,الإعاقة
احداث مراحيض عمومية,جماعة مكناس,Commune Meknes,تحسين الخدمات العمومية
استغلال المياه العادمة لسقي المساحات الخضراء,جماعة مكناس,Commune Meknes,البيئة
ضعف التشجيروعدم ملائمة بعض الأشجار المتواجدة بالجماعة لمناخ المنطقة,جماعة مكناس,Commune Meknes,البيئة
استغلال المياه العادمة لسقي المساحات الخضراء بالمدينة,جماعة الحاجب,Commune El Hajeb,البيئة
تاهيل الغابات الحضرية بالمدينة نموذج حي الشيبة وحي بوعشرين,جماعة الحاجب,Commune El Hajeb,البيئة
استكمال تهيئة منتزه عين خادم,جماعة الحاجب,Commune El Hajeb,البيئة
إحداث مكتبة جماعية,جماعة الحاجب,Commune El Hajeb,التعليم
تأهيل حديقة شارع الجوز,جماعة الحاجب,Commune El Hajeb,البيئة
إحداث منتدى الحاجب للحوار والتشاور والتواصل,جماعة الحاجب,Commune El Hajeb,التواصل
بوابة الجماعة - تحسيس الفاعلين بدور الجماعة المنفتحة في التواصل .,جماعة زاكورة,Commune Zagora,التواصل
حكامة النقل المدرسي,المجلس الإقليمي زاكورة,Province Zagora,
تحسين العرض الصحي بالاقليم,المجلس الإقليمي زاكورة,Province Zagora,
تعميم الولوج للماء الصالح للشرب,المجلس الإقليمي زاكورة,Province Zagora,"تدبير الماء 
البيئة"
اصلاح وتهيئة الطرق والمسالك بالاقليم,المجلس الإقليمي زاكورة,Province Zagora,
الانفتاح على المجتمع المدني عبرإشراك الهيئات الاستشارية المحدثة لدى مجلس الجهة,جهة درعة-تافيلالت,Region Draa-Tafilalt,
تعزيز البنية التحتية الرقمية وآليات التواصل الخاصة بالجهة,جهة درعة-تافيلالت,Region Draa-Tafilalt,
التحسيس من أجل حماية المنظومة الطبيعية والبيئية للجهة والتكيف مع التغيرات المناخية,جهة درعة-تافيلالت,Region Draa-Tafilalt,
تعزيز آليات التسويق الترابي بالجهة,جهة درعة-تافيلالت,Region Draa-Tafilalt,
تثمين الموروث المعماري والثقافي بالجهة بشراكة مع المجتمع المدني,جهة درعة-تافيلالت,Region Draa-Tafilalt,
تنزيل مشروع التواصل بالجماعة,جماعة بني نصار,Commune Beni Nsar,
تعزيز الولوج الى المعلومات,جماعة بني نصار,Commune Beni Nsar,
احداث آليات جديدة للحوار والتشاور,جماعة بني نصار,Commune Beni Nsar,
رقمنة الادارة بالجماعة,جماعة بني نصار,Commune Beni Nsar,
وضع تصميم محلي شامل للتكوين المستمرللموظفين,جماعة بني نصار,Commune Beni Nsar,
تنظيم ملتقيات سنوية اقتصادية وثقافية لتسويق الجماعة,جماعة بني نصار,Commune Beni Nsar,
تعزيز المشاركة المواطنة بالجماعة,جماعة بني نصار,Commune Beni Nsar,
خلق وحدة الارشيف وتحديث قاعدة البيانات,جماعة بني نصار,Commune Beni Nsar,
تقوية قدرات الفاعلين من المجتمع المدني والمتدخلين بالجماعة,جماعة بني نصار,Commune Beni Nsar,
دعم منظومة واليات التواصل,جماعة وجدة,Commune Oujda,
دعم ومواكبة مسلسل اليات المشاركة المواطنة وتنزيل ميزانية تشاركية بالجماعة,جماعة وجدة,Commune Oujda,
احداث بوابة الكترونية وتعزيز القدرات في مجال الرقمنة,جماعة وجدة,Commune Oujda,
تقوية القدرات في مجال الحق في الولوج الى المعلومة,جماعة وجدة,Commune Oujda,
اخداث ادارة رقمية مندمجة بجماعة بركان,جماعة بركان,Commune Berkane,
تقوية قدرات المواطن و المجتمع ومكونات المدني في مجال تدبير الشأن العام,جماعة بركان,Commune Berkane,
تقوية القدرات في مجال التدبير المالي للجماعات الترابية,جماعة بركان,Commune Berkane,
برنامج تقوية قدرات جمعيات المجتمع المدني التنظيمية والمؤسساتية بجهة فاس-مكناس,جهة فاس مكناس,Region Fes-Meknes,
النقل المدرسي بجهة فاس-مكناس,جهة فاس مكناس,Region Fes-Meknes,
بناء حجرات للتعليم الأولي بالجهة,جهة فاس مكناس,Region Fes-Meknes,
تكوين أعضاء مجالس الجماعات الترابية بجهة فاس-مكناس,جهة فاس مكناس,Region Fes-Meknes,
المركب متعدد الاختصاصات للاقتصاد التضامني والاجتماعي بن سودة,جهة فاس مكناس,Region Fes-Meknes,
حاضنة جهوية للمشاريع,جهة فاس مكناس,Region Fes-Meknes,
تشغيل الشباب في العالم القروي,جهة فاس مكناس,Region Fes-Meknes,
تشغيل الشباب في العالم القروي: السياحة القروية رافعة مهمة للتشغيل,جهة فاس مكناس,Region Fes-Meknes,
توفير بنية طرقية مناسبة تحفظ كرامة المواطن,جهة فاس مكناس,Region Fes-Meknes,
تنشيط عمل الخلية المكلفة بالحق في الحصول على المعلومات,جماعة تازة,Commune Taza,
تقوية قدرات أعضاء الهيئة,جماعة تازة,Commune Taza,
تعزيز شفافية الدعم الممنوح لمنظمات المجتمع المدني,جماعة تازة,Commune Taza,
تطوير الموقع الإلكتروني للجماعة.,جماعة تازة,Commune Taza,
- إعداد ميزانية تشاركية,جماعة تازة,Commune Taza,
تعزيز العمل بالمنصات الرقمية الوطنية الموجهة لتعزيز التواصل,جماعة تازة,Commune Taza,
تعزيز قدرات المجتمع المدني,جماعة تازة,Commune Taza,
النشر الاستباقي للمعلومات والمعطيات التي بحوزة الجماعة,جماعة تازة,Commune Taza,
تنظيم أنشطة مفتوحة بالفضاءات والساحات العمومية,جماعة تازة,Commune Taza,
تحسين فضاءات الإستقبال والإرشاد,جماعة تازة,Commune Taza,
اعتماد مقاربة دعم المشاريع وتشجيع التشبيك بين الجمعيات,جماعة تازة,Commune Taza,
تعزيز مواكبة الموظفين لبرامج التحول الرقمي,جماعة تازة,Commune Taza,
تفعيل آليات الشراكة والتعاون,جماعة تازة,Commune Taza,
إعداد ميزانية المواطن ونشرها,جماعة تازة,Commune Taza,
دعم المشاركة المواطنة في إعداد وتتبع وتنفيذ البرامج التنموية,جماعة تازة,Commune Taza,
تنظيم منتدى حول المشاركة في تجويد الخدمات المتعلقة بالتنشيط الرياضي: الشراكة في تدبير ملاعب القرب نموذجا,جماعة تازة,Commune Taza,
تنظيم أنشطة ثقافية وتربوية وفنية بالفضاءات المفتوحة والساحات العمومية,جماعة تازة,Commune Taza,
تدوين ونشر المساطر والإجراءات الإدارية وتبسيطها,جماعة تازة,Commune Taza,
بناء مجسمات فنية ترسخ لهوية المدينة,جماعة الراشدية,Commune Errachidia,
إحداث خزانة,جماعة الراشدية,Commune Errachidia,
تنظيم مهرجان سنوي,جماعة الراشدية,Commune Errachidia,
إحداث متحف,جماعة الراشدية,Commune Errachidia,
إحداث فضاءات جمعوية,جماعة الراشدية,Commune Errachidia,
تأهيل المداخل الرئيسية للمدينة,جماعة الراشدية,Commune Errachidia,
إحداث أسواق القرب بحي أولاد الحاج - واد الذهب - عين العاطي 1- قصر أوليتكير,جماعة الراشدية,Commune Errachidia,
إحداث حي حرفي,جماعة الراشدية,Commune Errachidia,
إحداث مقهى أدبي,جماعة الراشدية,Commune Errachidia,
1- تنظيم دورات تكوينية وورشات التحسيس والتوعية بأهداف التنمية المستدامة لفائدة منظمات المجتمع المدني والمنتخبين من أجل تعزيز إدماجها في البرامج التنموية.,جهة سوس ماسة,Region Souss-Massa,
2- مواكبة وتأطير الهيئة الاستشارية للمساواة وتكافؤ الفرص ومقاربة النوع المحدثة لدى مجلس جهة سوس ماسة للهيئات الاستشارية على مستوى عمالتي وأقاليم الجهة من أجل تتبع مؤشر المساواة و تكافؤ الفرص و مقاربة النوع بين الجنسين في المشاريع والبرامج التنموية المعتمدة.,جهة سوس ماسة,Region Souss-Massa,
3- مواكبة مجلس جهة سوس ماسة للهيئات الاستشارية الثلاث من أجل تنظيم لقاءات تواصلية مع المواطنين والمواطنات ومنظمات المجتمع المدني بغية شرح مضامين برنامج التنمية الجهوية وتقديم مقترحاتهم وتوصياتهم لمجلس جهة سوس ماسة (تفعيل المشاركة المواطنة في تدبير الشأن العام الجهوي).,جهة سوس ماسة,Region Souss-Massa,
4- إحداث واعتماد قاعدة بيانات رقمية دقيقة ومحينة تضم معطيات ومعلومات حسب القطاعات عن عمالتي واقاليم الجهة مع التركيز على الخصوصيات الديمغرافية والطبيعية والاقتصادية والاجتماعية لكل عمالة و إقليم من أجل تفعيل مبدأ العدالة المجالية (الاختيار الجيد للمشاريع والبرامج) ووضعها لدى مجلس جهة سوس ماسة.,جهة سوس ماسة,Region Souss-Massa,
5- إشراك الهيئات الاستشارية الثلاث المحدثة لدى مجلس جهة سوس ماسة في تنزيل مضامين برنامج أبريد.,جهة سوس ماسة,Region Souss-Massa,
6- اعتماد النشر الاستباقي للميزانية السنوية مع تبسيط المعلومات المالية.,جهة سوس ماسة,Region Souss-Massa,
إحداث استوديو سمعي بصري لفائدة جماعة ايت ملول,جماعة ايت ملول,Commune Ait Melloul,
دعم التحول الرقمي بجماعة أيت ملول من خلال تعزيز التطبيقات المعلوماتية.,جماعة ايت ملول,Commune Ait Melloul,
إعداد وتنفيذ ميزانية تشاركية برسم سنة 2024.,جماعة ايت ملول,Commune Ait Melloul,
إعداد مخطط السير والجولان لمجال ترابي محدد,جماعة ايت ملول,Commune Ait Melloul,
تأهيل حديقة نموذجية بشراكة مع جمعيات المجتمع المدني.,جماعة ايت ملول,Commune Ait Melloul,
تعزيز الهيئات الاستشارية لدى المجلس الجماعي وتحسين ظروف عملها,جماعة ايت ملول,Commune Ait Melloul,
تعزيز الحق في الحصول على المعلومات وخاصة النشر الاستباقي لها,جماعة ايت ملول,Commune Ait Melloul,
تكوين خريجات مراكز التربية والتكوين من أجل تمكينهن اقتصاديا.,جماعة ايت ملول,Commune Ait Melloul,
التعريف بمجالات تدخل الجماعة وخدماتها عبر أنشطة تواصلية.,جماعة ايت ملول,Commune Ait Melloul,
إحداث وحدة إدارية جماعية لتتبع العرائض والآراء الاستشارية.,جماعة ايت ملول,Commune Ait Melloul,
تنظيم يوم بيئي سنوي,جماعة ايت ملول,Commune Ait Melloul,البيئة
تاهيل المواطن ثقافيا ورياضيا,جماعة إنزكان,Commune Inezgane,
التواصل والحصول على المعلومات,جماعة إنزكان,Commune Inezgane,
العمل الاجتماعي,جماعة إنزكان,Commune Inezgane,
التبليغ عن الاعطال والمشاكل الخاصة بالانارة العمومية,جماعة إنزكان,Commune Inezgane,
اشكالية الانارة العمومية بالجماعة,جماعة إنزكان,Commune Inezgane,
تاهيل البنية التحتية للجماعة,جماعة إنزكان,Commune Inezgane,
المحافظة على البيئة,جماعة إنزكان,Commune Inezgane,
الاهتمام بالمناطق الخضراء,جماعة إنزكان,Commune Inezgane,
المواطن و المناطق الخضراء,جماعة إنزكان,Commune Inezgane,
المنصة التشاورية تارودانت: جسر التواصل والشراكة لتحقيق التنمية الشاملة والابتكار المستدام,جماعة تارودانت,Commune Taroudannt,
الحصول على المعلومةشراكة إبداعية: المجتمع المدني شريكاً في تدبير المخاطر وتحديد الأولويات,جماعة تارودانت,Commune Taroudannt,
ترقية مجتمعنا الرقمي: خدمات جماعية مبتكرة ومتميزة في جماعة تارودانت,جماعة تارودانت,Commune Taroudannt,
مجلس الشباب - شراكة فاعلة لتحقيق طموحات الشباب في جماعة تارودانت,جماعة تارودانت,Commune Taroudannt,
المسار الإداري المخصص: إدارة سريعة ومُيسّرة للأشخاص ذوي الإعاقة في جماعة تارودانت,جماعة تارودانت,Commune Taroudannt,
التميز في الاستقبال الإداري : جماعة تارودانت نحو الارتقاء بالخدمات العامة”,جماعة تارودانت,Commune Taroudannt,
تارودانت-تحفة تاريخية متراصة بين أحضان الجبال “أنسجة الماضي بخيوط الحاضر”,جماعة تارودانت,Commune Taroudannt,
التواصل الخارجي,جماعة أكادير,Commune Agadir,التواصل
برنامج التنقل الذكي,جماعة أكادير,Commune Agadir,"الرقمنة 
الإبتكار 
التنقلات الحضرية"
محاربة الأمية الرقمية,جماعة أكادير,Commune Agadir,الرقمنة
خلق لجان الحي,جماعة أكادير,Commune Agadir,جمعيات الأحياء
الرفع من نجاعة وجودة خدمات القرب عبر التكنولوجيا الحديثة,جماعة أكادير,Commune Agadir,
إعداد مخطط توجيهي لرقمنة الإدارة و المرافق الجماعية,جماعة تيزنيت,Commune Tiznit,
إحداث منصات و تطبيقات رقمية لتدبير المرافق و تجويد الخدمات الجماعية,جماعة تيزنيت,Commune Tiznit,
تعزيز المراكز السوسيوثقافية بخدمات القرب للساكنة في مجال الرقمنة,جماعة تيزنيت,Commune Tiznit,
تنظيم دورات تكوينية موضوعاتية لأعضاء هيئة المساواة و تكافؤ الفرص و مقاربة النوع,جماعة تيزنيت,Commune Tiznit,
إعادة تفعيل المجالس المحلية الاستشارية الموازية,جماعة تيزنيت,Commune Tiznit,
تطوير المنتدى السنوي للجمعيات ( تيزنيت تانمورت ),جماعة تيزنيت,Commune Tiznit,
تأسيس مختبر حي لرصد و اختبار المقاربات المبتكرة ( LIVING LAB ),جماعة تيزنيت,Commune Tiznit,
إحداث فضاء الإعلام و الصحافة و دعم المبادرات و المقاولات الصحفية المحلية,جماعة تيزنيت,Commune Tiznit,
تفعيل الميثاق الجماعي للتواصل مع وضع مخطط للتواصل الداخلي و الخارجي,جماعة تيزنيت,Commune Tiznit,
تعزيز و تحديث خدمات مكتب التواصل و مكتب الاستقبال و الارشاد,جماعة تيزنيت,Commune Tiznit,
إعداد دعامات تواصلية و تسويقية,جماعة تيزنيت,Commune Tiznit,
تعزيز آليات النشر الاستباقي للمعطيات الأكثر طلبا من طرف المواطنات و المواطنين,جماعة تيزنيت,Commune Tiznit,
التعريف أكثر بالقانون 31.13,جماعة تيزنيت,Commune Tiznit,
تفعيل مبادئ الشفافية و المساءلة,جماعة تيزنيت,Commune Tiznit,
ميثاق المشاركة المواطنة,جماعة تيزنيت,Commune Tiznit,
مشروع تعميم الرقمنة على جميع المصالح الجماعية,جماعة الدشيرة الجهادية,Commune Dchira Jihadiya,
إحداث تطبيق ذكي للتواصل مع المواطن حول الإشكالات المتعلقة بخدمات القرب الجماعية,جماعة الدشيرة الجهادية,Commune Dchira Jihadiya,
التحسيس والتوعية بأهمية المحافظة على التجهيزات والمرافق العمومية,جماعة الدشيرة الجهادية,Commune Dchira Jihadiya,
إعداد دراسة حول السير والجولان والملك العمومي,جماعة الدشيرة الجهادية,Commune Dchira Jihadiya,
إعداد مخطط بيئي للجماعة,جماعة الدشيرة الجهادية,Commune Dchira Jihadiya,
تأهيل خريجات مراكز التربية التكوين لولوج سوق الشغل,جماعة الدشيرة الجهادية,Commune Dchira Jihadiya,
أحداث منصة رقمية لتدبير طلبات استغلال المرافق الثقافية,جماعة الدشيرة الجهادية,Commune Dchira Jihadiya,
إحداث منصة إلكترونية لتتبع وتقييم برنامج عمل الجماعة,جماعة الدشيرة الجهادية,Commune Dchira Jihadiya,
إحداث مكتب الاستقبال والتوجيه,جماعة الدشيرة الجهادية,Commune Dchira Jihadiya,
إحداث وحدة استقبال وتحسيس وتوجيه الأشخاص في وضعية إعاقة,جماعة الدشيرة الجهادية,Commune Dchira Jihadiya,
إحداث تطبيق إلكتروني لقياس رضى المواطن,جماعة الدشيرة الجهادية,Commune Dchira Jihadiya,
تقوية قدرات النساء في مجال الريادة وصنع القرار,جماعة الدشيرة الجهادية,Commune Dchira Jihadiya,
اعتماد التشوير الداخلي والخارجي باللغات الأمازيغية و العربية والفرنسية,جماعة الدشيرة الجهادية,Commune Dchira Jihadiya,
تقوية القدرات للفاعل الجمعوي والمتدخلين المجتمعيين,جماعة الدشيرة الجهادية,Commune Dchira Jihadiya,
إحداث دليل إلكتروني للتعريف بالثرات الثقافي المحلي,جماعة الدشيرة الجهادية,Commune Dchira Jihadiya,
تعزيز أدوار الهيئات الاستشارية,جهة العيون-الساقية الحمراء,Region Laayoune-Sakia-El Hamra,
احداث بوابة الكترونية بجميع اللغات,جهة العيون-الساقية الحمراء,Region Laayoune-Sakia-El Hamra,
نافذة اعلامية لنشر التدخلات التنموية للجهة,جهة العيون-الساقية الحمراء,Region Laayoune-Sakia-El Hamra,
احداث دليل إلكتروني وورقي للتعريف بالمؤهلات التنموية و السياحية للجهة,جهة العيون-الساقية الحمراء,Region Laayoune-Sakia-El Hamra,
التعاقد مع متخصصين في مجال هندسة المعلوميات,جهة العيون-الساقية الحمراء,Region Laayoune-Sakia-El Hamra,
إعداد دراسة للتجارب المقارنة حول الآليات التشاركية للحوار والتشاور الممكن تبنيها من طرف الجهات؛,جهة العيون-الساقية الحمراء,Region Laayoune-Sakia-El Hamra,
العمل على تنظيم منتديات جهوية و إقليمية لتعزيز القوة الإقتراحية لفعاليات المجتمع المدني,جهة العيون-الساقية الحمراء,Region Laayoune-Sakia-El Hamra,
تكييف الهيكل التنظيمي فيما يخص الآليات التشاركية وتقوية قدرات الإطار البشري لاستيعاب العلاقة مع المجتمع المدني,جهة العيون-الساقية الحمراء,Region Laayoune-Sakia-El Hamra,
فك الارتباط بين ما هو سياسي وما هو مدني و الحرص على استقلالية الهيئات الاستشارية للجهة,جهة العيون-الساقية الحمراء,Region Laayoune-Sakia-El Hamra,
الترافع من أجل ميزانية مستجيبة للنوع الاجتماعي,جهة العيون-الساقية الحمراء,Region Laayoune-Sakia-El Hamra,
مشروع مكتب ضبط الكتروني,جهة الداخلة وادي الذهب,Region Dakhla Oued Eddahab,
مشروع تنظيم دورات تكوينية لفائدة مكاتب وأعضاء الهيئات الاستشارية الثلاث بالجهة.,جهة الداخلة وادي الذهب,Region Dakhla Oued Eddahab,
مشروع تقوية وسائل التواصل الاجتماعي الخاصة بالجهة.,جهة الداخلة وادي الذهب,Region Dakhla Oued Eddahab,
خلق موقع خاص بجهة,مجلس جهة كلميم واد نون,Region guelmim ouad noun,
رقمنة الأرشيف,مجلس جهة كلميم واد نون,Region guelmim ouad noun,
تقوية مشاركة المواطنين (المشاركة المواطنة),مجلس جهة كلميم واد نون,Region guelmim ouad noun,
المساواة بين الجنسين ومقاربة النوع,مجلس جهة كلميم واد نون,Region guelmim ouad noun,
الشفافية والمسائلة,مجلس جهة كلميم واد نون,Region guelmim ouad noun,
تفعيل المشاريع والبرامج التنموية,مجلس جهة كلميم واد نون,Region guelmim ouad noun,
تفعيل التحول الرقمي لتجويد الخدمات وتحسينها,جماعة العيون,Commune Laayoune,
تشجيع المشاركة المواطنة,جماعة العيون,Commune Laayoune,
التواصل الدامج,جماعة سيدي افني,Commune Sidi Ifni,
اعتماد كامل للرقمنة من أجل خدمات جماعية ذات جودة وفعالية,جماعة سيدي افني,Commune Sidi Ifni,
اعداد برامج عمل موضوعاتية من طرف الهيئات الإستشارية,جماعة سيدي افني,Commune Sidi Ifni,
تشكيل ودعم قدرات الهيئات الإستشارية,جماعة سيدي افني,Commune Sidi Ifni,
خلق شبكة الكترونية للتواصل الداخلي,جماعة سيدي افني,Commune Sidi Ifni,
إحداث الشباك الوحيد,جماعة سيدي افني,Commune Sidi Ifni,
تعزيز آليات تقديم العرائض,جماعة سيدي افني,Commune Sidi Ifni,
وضع خطة تواصلية لتكريس وتعزيز الشفافية.,جماعة سيدي افني,Commune Sidi Ifni,
تيسيرالواوج إلى المعلومة,جماعة سيدي افني,Commune Sidi Ifni,
تمكين الشباب وتأهيلهم من أجل مشاركة فاعلة في تدبير الشأن المحلي,جماعة سيدي افني,Commune Sidi Ifni,
تأهيل شواطئ المدينة,جماعة سيدي افني,Commune Sidi Ifni,
احداث مراحيض عمومية,جماعة سيدي افني,Commune Sidi Ifni,
وضع تصاميم متعلقة بالولوجيات بالجماعة,جماعة سيدي افني,Commune Sidi Ifni,
إحداث مكتبات جماعية,جماعة سيدي افني,Commune Sidi Ifni,
تحسين فضاءات الإستقبال والإرشاد,جماعة سيدي افني,Commune Sidi Ifni,
تنظيم أنشطة مفتوحة بالفضاءات والساحات العمومية,جماعة سيدي افني,Commune Sidi Ifni,
تسويق وتثمين الخدمات المقدمة من طرف الجماعة,جماعة سيدي افني,Commune Sidi Ifni,
اعتماد مقاربة تشاركية أثناء إعداد قرارات الرئيس، المتعلقة بتنظيم السير و الجولان والوقوف بالطرق العمومية و المحافظة على سلامة المرور بها,جماعة سيدي افني,Commune Sidi Ifni,
تغيير ثقافة وسلوك المواطن مع تدبير النفايات، من خلال تكثيف الحملات التحسيسية والتوعوية,جماعة سيدي افني,Commune Sidi Ifni,
إحداث حي حرفي,جماعة سيدي افني,Commune Sidi Ifni,
إحداث فضاءات جمعوية,جماعة سيدي افني,Commune Sidi Ifni,
بناء مجسمات فنية ترسخ لهوية المدينة,جماعة سيدي افني,Commune Sidi Ifni,
التعريف بمجالات تدخل الجماعة وخدماتها عبر أنشطة تواصلية.,جماعة سيدي افني,Commune Sidi Ifni,
إصدار ونشر مجلة رقمية وورقية تبرز حصيلة أنشطة المجلس الجماعي.,جماعة سيدي افني,Commune Sidi Ifni,
تنمية الوعاء العقاري,جماعة سيدي افني,Commune Sidi Ifni,
تعزيز قيم المواطنة والسلوك المدني,جماعة سيدي افني,Commune Sidi Ifni,
احداث مكتب استقبال وتوجيه المواطنين/ات,جماعة الداخلة,Commune Dakhla,
تفعيل مكتب ضبط رقمي,جماعة الداخلة,Commune Dakhla,
مخطط التكوين لفائدة الشباب و الجمعيات في مجال المشاركة المواطنة,جماعة الداخلة,Commune Dakhla,
انجاز تكوينات في مجال التحول الرقمي لفائدة أطر ومنتخبي الجماعة وهيئة المساواة وتكافؤ الفرص ومقاربة النوع,جماعة بوجدور,Commune Boujdour,
خلق فضاء تفاعلي داخل الموقع الإلكتروني للجماعة وغنجاز تكوينات في مجال الحق في الحصول على المعلومة وتدبير العرائض لفائدة الجمعيات والمواطنين.,جماعة بوجدور,Commune Boujdour,
نشر برامج ومشاريع الجماعة وتبسيط الولوج إليها.,جماعة بوجدور,Commune Boujdour,
احداث فضاء للاستقبال والتوجيه والتواصل مع المواطنين بمقر الجماعة,جماعة كلميم,Commune Guelmim,
تعزيز وتطوير التشوير بالإدارة والمرافق الجماعية,جماعة كلميم,Commune Guelmim,
إحداث كبسولات اعلامية واخبارية وتوعوية حول الخدمات التي تقدمها الجماعة,جماعة كلميم,Commune Guelmim,
وضع لوحات الكترونية اشهارية بالساحات العمومية وفي فضاء الجماعة للإخبار والاعلام والتواصل مع المواطنين,جماعة كلميم,Commune Guelmim,
اقتناء وتطوير منصات رقمية لتدبير الإدارة الجماعية : 1- تطوير الموقع الالكتروني للجماعة 2- تدبير الموارد البشرية 3- تدبير المخزن 4- تدبير الأرشيف 5- منظومة رقمية جغرافية SIG,جماعة كلميم,Commune Guelmim,
برنامج تقوية قدرات المنتخبين والموارد البشرية للجماعة,جماعة كلميم,Commune Guelmim,
تنظيم لقاء يؤطره خبراء في مجال المدن الذكية,جماعة كلميم,Commune Guelmim,
إحداث خلية للتواصل الداخلي والخارجي,جماعة كلميم,Commune Guelmim,
تعميم نقط فرز النفايات,جماعة كلميم,Commune Guelmim,
خلق وحدات لتثمين وتدوير النفايات,جماعة كلميم,Commune Guelmim,
تعزيز التشوير الأفقي والعمودي,جماعة كلميم,Commune Guelmim,
إحداث حلبة متخصصة لتعليم السياقة,جماعة كلميم,Commune Guelmim,
إحداث مواقف السيارات,جماعة كلميم,Commune Guelmim,
إحداث سوق نموذجي للباعة المتجولين,جماعة كلميم,Commune Guelmim,
تنظيم حملات توعوية وتحسيسية,جماعة كلميم,Commune Guelmim,
برنامج تقوية قدرات المجتمع المدني,جماعة كلميم,Commune Guelmim,
إحداث منصة رقمية لتدبير طلبات استغلال بعض المرافق الجماعية ( الفضاء الجمعوي - الخزانة الوسائطية - ملاعب القرب ...),جماعة كلميم,Commune Guelmim,
الرقمنة,إقليم تزنيت,Province Tiznit,
مغاربة العالم,إقليم تزنيت,Province Tiznit,
رقمنة خدمات جماعة سعادة: من أجل مرفق عمومي ناجع و فعال.,جماعة سعادة,Commune saada,
تسويق الخدمات الرقمية المقدمة من طرف الجماعة للمرتفقين.,جماعة سعادة,Commune saada,
تعزيز المشاركة المواطنة و جعل المواطن فاعلا ترابيا شريكا للجماعة.,جماعة سعادة,Commune saada,
انفتاح الجماعة على محيطها الخارجي من أجل تنزيل برنامج عمل شامل ومتكامل.,جماعة سعادة,Commune saada,
تجويد حق الحصول على المعلومات,جماعة بن جرير,Commune Ben Guerir,الولوج إلى المعلومة
تعبئة المجتمع المدني ودعم قدراته من اجل تحسين مشاركته عن طريق تقديم العرائض,جماعة بن جرير,Commune Ben Guerir,العرائض
تفعيل وتجويد الرقمنة داخل الادارة,جماعة بن جرير,Commune Ben Guerir,الرقمنة
تشجيع الولوج الى المنصات الرقمية بالجماعة,جماعة بن جرير,Commune Ben Guerir,"التواصل 
الرقمنة"
برنامج عمل جماعة منفتح,جماعة بن جرير,Commune Ben Guerir,تتبع وتقييم برامج التنمية
تعزيز المشاركة المواطنة عبر تقوية قدرات هيئة المساواة وتكافؤالفرص ومقاربة النوع بجماعة ابن جرير,جماعة بن جرير,Commune Ben Guerir,
تشجيع الديمقراطية التشاركية,جماعة بن جرير,Commune Ben Guerir,
الديمقراطية التشاركية - مشروع مقترح من خلال اللقاء عنوانه : الانفتاح على المؤسسات التعليمية *,جماعة بن جرير,Commune Ben Guerir,
تعزيز المشاركة المواطنة عبر تقوية قدرات هيئة المساواة وتكافؤالفرص ومقاربة النوع بجماعة ابن جرير * مشروع مقترح من اللقاء : تعزيز المشاركة المواطنة لذوي الهمم,جماعة بن جرير,Commune Ben Guerir,
الشفافية والمساءلة الولوج الى المعلومة- المشاركة المواطنة - الرقمنة,جماعة ازيلال,Commune Azilal,"الولوج إلى المعلومة 
المشاركة المواطنة"
مناصات ومواقع على الويب,جماعة ازيلال,Commune Azilal,الرقمنة
‏التحسيس والتوعية وتكوينات للجمعيات حول آليات العرائض,جماعة ازيلال,Commune Azilal,العرائض
المدينة الخضراء,جماعة بني ملال,Commune Bni Mellal,
تنزيل آلية تقديم العرائض,جماعة بني ملال,Commune Bni Mellal,
تشجيع / مع / المنتوج المحلي - منتوجات دارنا-,جماعة بني ملال,Commune Bni Mellal,
الميزانية التشاركية,جماعة بني ملال,Commune Bni Mellal,
ميزانية المواطن,جماعة بني ملال,Commune Bni Mellal,
تغيير ثقافة و سلوك المواطن مع تدبير النفايات ، من خلال تكثيف الحملات التحسيسية و التوعوية,جماعة بني ملال,Commune Bni Mellal,
تنظيم مسابقة أنظف حي,جماعة بني ملال,Commune Bni Mellal,
تنظيم مسابقة أجمل و أنظف محيط مدرسة,جماعة بني ملال,Commune Bni Mellal,
اعتماد مقاربة تشاركية أثناء إعداد قرارات الرئيس، المتعلقة بتنظيم السير و الجولان و الوقوف بالطرق العمومية و المحافظة على سلامة المرور بها,جماعة بني ملال,Commune Bni Mellal,
تسويق و تثمين الخدمات المقدمة من طرف الجماعة,جماعة بني ملال,Commune Bni Mellal,
جاذبية مدينة خريبكة: مسابقة فنية انفوغرافية,جماعة خريبكة,Commune Khouribga,
إحداث ودعم منتدى الأحياء,جماعة خريبكة,Commune Khouribga,
الجاذبية الترابية: تنظيم معرض محلي للمنتوجات المجالية,جماعة خريبكة,Commune Khouribga,
الجاذبية الترابية: إحداث بوابة رقمية خريبكة المنفتحة,جماعة خريبكة,Commune Khouribga,
الجاذبية الترابية: تقوية وعصرنة بوابة الجماعة,جماعة خريبكة,Commune Khouribga,
الجاذبية الترابية: تنظيم مسابقة في الهندسة المعمارية:مدار الساعة,جماعة خريبكة,Commune Khouribga,
الجاذبية الترابية :إحداث فضاء للتسويق الرقمي الترابي,جماعة خريبكة,Commune Khouribga,
الجاذبية الترابية: احداث مجالات للتسويق للملتقيات الوطنية والدولية المنظمة بالمدينة مهرجان السينما الافريقية نموذجا,جماعة خريبكة,Commune Khouribga,
المشاركة المواطنة :دعم الجمعيات المهتمة ‏بملصقات التوعية,جماعة خريبكة,Commune Khouribga,
اﻟﺜﻘﺎﻓﺔ: دعم الثقافة و الجمعيات المتخصصة في المجال,جماعة خريبكة,Commune Khouribga,
دعم الثقافة المرئية,جماعة خريبكة,Commune Khouribga,
الفضاء الأخضر:دعم الجمعيات المهتمة بالبيئة,جماعة خريبكة,Commune Khouribga,
الانفتاح على المواطن : دعم وتقوية قدرات الجمعيات المهتمة بآليات العرائض,جماعة خريبكة,Commune Khouribga,
تعبيد الطرق العامة,جماعة آزرو,Commune Azrou,"الطرق 
التنقلات الحضرية"
إحداث وصيانة حدائق عمومية بالمدينة,جماعة آزرو,Commune Azrou,البيئة
تهيئة الهياكل الداعمة لقطاع الصحة,جماعة آزرو,Commune Azrou,الصحة
تثمين و تأهيل التراث الأمازيغي,جماعة آزرو,Commune Azrou,الثقافة
مخطط مديري للتحول الرقمي مكن من توفير العديد من الحلول الرقمية لصالح المقاطعات و المواطنين,جماعة الدار البيضاء,Commune Casablanca,
تأهيل المنتزهات التاريخية القديمة بالمدينة وإحداث فضاءات خضراء جديدة,جماعة الدار البيضاء,Commune Casablanca,
قياس مؤشر جودة الهواء في الدار البيضاء,جماعة الدار البيضاء,Commune Casablanca,
دمج مقاربة النوع بشكل منهجي في عمل الجماعة,جماعة الدار البيضاء,Commune Casablanca,
تأهيل التجهيزات الثقافية والرياضية والاجتماعية القائمة وإنشاء أخرى جديدة إعمالا لمبدأ العدالة المجالية,جماعة الدار البيضاء,Commune Casablanca,
إنشاء مركز معالجة وتثمين وطمر النفايات المنزلية (CTVE),جماعة الدار البيضاء,Commune Casablanca,
تأهيل البنية التحتية الطرقية,جماعة مولاي عبد الله,Commune Moulay Abdellah,
تجويد خدمات الموقع الالكتروني للجماعة,جماعة مولاي عبد الله,Commune Moulay Abdellah,
إشراك المجتمع المدني في تنظيم موسم مولاي عبد الله والاستفادة من الأنشطة المدرة للدخل بالموسم,جماعة مولاي عبد الله,Commune Moulay Abdellah,
إشراك المجتمع المدني في النهوض بفن التبوريدة,جماعة مولاي عبد الله,Commune Moulay Abdellah,
إنشاء دار الجمعيات,جماعة الجديدة,Commune El Jadida,
اشراك الهيأة الاستشارية في تنزيل مشاريع التنمية الجماعية,جماعة الجديدة,Commune El Jadida,
عقد شراكة مع المجتمع المدني لصيانة مقابر المدينة,جماعة الجديدة,Commune El Jadida,
إعداد ميثاق يهم الجانب البيئي و إشراك الهيأة في إعداد كناش التحملات الخاص بتدبير قطاع النظافة,جماعة الجديدة,Commune El Jadida,
إحدات تطبيق خاص على مستوى الهواتف الذكية,جماعة الجديدة,Commune El Jadida,
وضع شاشات تفاعلية بمقر الجماعة و الملحقات الادارية,جماعة الجديدة,Commune El Jadida,
اشراك الهيئة الاستشارية في تنزيل و تقييم برنامج عمل الجماعة,جماعة الجديدة,Commune El Jadida,
اعداد تصميم للتنقل الحضري,جماعة برشيد,Commune Berrechid,
تنظيم انشطة تحسيسية وتوعوية من اجل المساهمة في تغيير سلوك المواطن اتجاه تدبير جمع النفايات والتعامل الجيد مع المجال الاخضر,جماعة برشيد,Commune Berrechid,
بناء وتجهيز مركب ثقافي,جماعة برشيد,Commune Berrechid,
تعزيز الآليات التشاركية للحوار والتشاور: مجلس المرأة,جماعة سلا,Commune Sale,
تعزيز الآليات التشاركية للحوار والتشاور: مجلس ذوي الاحتياجات الخاصة,جماعة سلا,Commune Sale,
تعزيز الآليات التشاركية للحوار والتشاور: مجلس الطفل,جماعة سلا,Commune Sale,
تعزيز الآليات التشاركية للحوار والتشاور: مجلس الشباب,جماعة سلا,Commune Sale,
تعزيز الآليات التشاركية للحوار والتشاور: المجلس الاقتصادي,جماعة سلا,Commune Sale,
تعزيز الآليات التشاركية للحوار والتشاور: مجلس المهاجرين,جماعة سلا,Commune Sale,
تعزيز الآليات التشاركية للحوار والتشاور: الرياضة,جماعة سلا,Commune Sale,
تعزيز الآليات التشاركية للحوار والتشاور: مجالس الأحياء,جماعة سلا,Commune Sale,
تثمين الآليات التشاركية للحوار والتشاور: الخميس التشاوري,جماعة سلا,Commune Sale,
إحداث 4 دور للتشاور,جماعة سلا,Commune Sale,
التكوين في مجال تفهم الإعاقة,جماعة سلا,Commune Sale,
جائزة التنمية الدامجة,جماعة سلا,Commune Sale,
إعداد ميثاق المدرسة المنفتحة,جماعة سلا,Commune Sale,
إحداث آلية لوضع الميزانية التشاركية,جماعة سلا,Commune Sale,
إعداد وتنفيذ خطة الجماعة المنفتحة,جماعة سلا,Commune Sale,
إحداث مركز الاستماع والإرشاد والشكايات,جماعة سلا,Commune Sale,
تحديث الموقع الإلكتروني بإنشاء بوابة كبرى للجماعة,جماعة سلا,Commune Sale,
تحيين وتثمين العمل التواصلي للجماعة,جماعة سلا,Commune Sale,
اعتماد آليات وأدوات لقياس رضى المواطن,جماعة سلا,Commune Sale,
تطوير آليات التواصل مع الأشخاص في وضعية إعاقة,جماعة سلا,Commune Sale,
تعزيز التواصل عبر شبكات التواصل الاجتماعي,جماعة سلا,Commune Sale,
إعداد خطة عمل للتواصل في حالة الأزمات,جماعة سلا,Commune Sale,
إحداث أكشاك لتواصل القرب,جماعة سلا,Commune Sale,
إعداد ونشر مجلة الجماعة,جماعة سلا,Commune Sale,
إعادة هيكلة المرصد الحضري لسلا,جماعة سلا,Commune Sale,
التقرير السنوي لسلا,جماعة سلا,Commune Sale,
تعزيز استعمال اللغة الأمازيغية,جماعة سلا,Commune Sale,
رقمنة خدمة المصادقة على صحة الإمضاء والإشهاد على مطابقة النسخ,جماعة سلا,Commune Sale,
توفير خدمة الانترنيت في الفضاءات العامة,جماعة سلا,Commune Sale,
دليل المساطر الإدارية,جماعة سلا,Commune Sale,
إعداد المخطط المديري للمعلوميات,جماعة سلا,Commune Sale,
التدبير الرقمي للمكتب الجماعي لحفظ الصحة,جماعة سلا,Commune Sale,
التدبير الرقمي لمراقبة خدمات النظافة والإنارة العمومية,جماعة سلا,Commune Sale,
التدبير الرقمي لمتابعة استهلاك الماء والكهرباء والهاتف,جماعة سلا,Commune Sale,
التدبير الالكتروني للوثائق,جماعة سلا,Commune Sale,
استكمال العمل بمنصة تدبير المراسلات الرقمية,جماعة سلا,Commune Sale,
التدبير الرقمي للميزانية,جماعة سلا,Commune Sale,
تدبير الطلبيات الجماعية,جماعة سلا,Commune Sale,
التدبير الرقمي للموارد البشرية,جماعة سلا,Commune Sale,
التدبير الرقمي للافتحاص والمراقبة الداخلية.,جماعة سلا,Commune Sale,
آلية للتتبع الرقمي لمؤشرات الأداء وتصميم لوحة القيادة,جماعة سلا,Commune Sale,
إعداد مصنف للقرارات الإدارية للجماعة,جماعة سلا,Commune Sale,
إعداد دليل مرجعي للوظائف والمهام الجماعية,جماعة سلا,Commune Sale,
إعداد وثائق الافتحاص والمراقبة الداخلية,جماعة سلا,Commune Sale,
المكتبة القانونية,جماعة سلا,Commune Sale,
تنظيم الأرشيف,جماعة سلا,Commune Sale,
تدبير المشاريع وتتبعها,جماعة سلا,Commune Sale,
نظام المعلومات الجغرافية,جماعة سلا,Commune Sale,
التدبير الرقمي للدعم الممنوح للجمعيات,جماعة سلا,Commune Sale,
تجديد وتحديث البنيات الأساسية لإدارة الشبكات المعلوماتية,جماعة سلا,Commune Sale,
إنشاء قواعد المعطيات الجماعية,جماعة سلا,Commune Sale,
وضع سياسة لحماية أنظمة المعلومات الجماعية,جماعة سلا,Commune Sale,
اعتماد التطبيقات المحمولة,جماعة سلا,Commune Sale,
تحيين قاعدة المعطيات المتعلقة بالوعاء الضريبي,جماعة سلا,Commune Sale,
إعداد وتنفيذ خطة لقيادة التغيير لاعتماد التحول الرقمي,جماعة سلا,Commune Sale,
تطبيق تتبع تنفيذ برنامج عمل الجماعة,جماعة سلا,Commune Sale,
اعتماد الميزانية التشاركية في الميزانيات السنوية,جماعة سطات,Commune Settat,
تقوية دور هيئة المساواة وتكافؤ الفرص ومقاربة النوع,جماعة سطات,Commune Settat,
تعميم رقمنة الخدمات والمصالح الجماعية,جماعة سطات,Commune Settat,
خلق آلية دائمة للتحاور,جماعة سطات,Commune Settat,
تنظيم تكوينات في مجال التمكين الاقتصادي للنساء,جماعة بن سليمان,Commune Benslimane,
إعداد ميثاق ولوج المرأة للمرافق العمومية,جماعة بن سليمان,Commune Benslimane,
إعداد ميثاق مشترك لدعم الجمعيات المحلية,جماعة بن سليمان,Commune Benslimane,
إنجاز بنك مشاريع قابلة للتنفيذ لصالح الجمعيات المحلية,جماعة بن سليمان,Commune Benslimane,
انجازتكوينات في مجال التحول الرقمي,جماعة بن سليمان,Commune Benslimane,
الإستقبال والتشوير الداخلي,جماعة آسفي,Commune Safi,
خلق شبكة إلكترونية داخلية (intranet),جماعة آسفي,Commune Safi,
آسفي مدينة خضراء ونظيفة,جماعة آسفي,Commune Safi,
تسويق برنامج عمل الجماعة,جماعة آسفي,Commune Safi,
مبادرات مواطنة للأحياء النظيفة,جماعة آسفي,Commune Safi,
اللقاءات التشاورية المفتوحة.,جماعة آسفي,Commune Safi,
* خلق لجنة تنفيذ برنامج عمل الجماعة,جماعة الصويرة,Commune Essaouira,
* تعميم المعلومات و المعطيات,جماعة الصويرة,Commune Essaouira,
* تفعيل تطبيق للهواتف الذكية,جماعة الصويرة,Commune Essaouira,
* مصلحة الأرشيف,جماعة الصويرة,Commune Essaouira,
* تجهيز مصلحة الإعلام و التواصل,جماعة الصويرة,Commune Essaouira,
* ميزانية المواطن,جماعة الصويرة,Commune Essaouira,
* الميزانية التشاركية,جماعة الصويرة,Commune Essaouira,
* خميس التشاور - نهاية كل شهر-,جماعة الصويرة,Commune Essaouira,
* تقوية اشتغال الهيئة,جماعة الصويرة,Commune Essaouira,
* استثمار مناسبة المهرجانات الثقافية و الرياضية و الفنية,جماعة الصويرة,Commune Essaouira,
إطلاق بوابة المشاركة المواطنة digiessaouira.org,جماعة الصويرة,Commune Essaouira,
رقمنة الخدمات,جماعة مراكش,Commune Marrakech,الرقمنة
تحيين الموفع الالكتروني للجماعة,جماعة القصر الكبير,Commune Ksar Kbir,
احداث و تهيئة الولوجيات للمرافق العمومية لفائدة الاشخاص في وضعية اعاقة,جماعة القصر الكبير,Commune Ksar Kbir,
اعداد و ترويج كبسولات اشهارية حول المعالم التاريخية و المؤهلات السياحية لمدينة القصر الكبير,جماعة القصر الكبير,Commune Ksar Kbir,
دورات تكوينية لفائدة هيئة المساواة و تكافؤ الفرص و مقاربة النوع و المجالس الاستشارية المحدثة بجماعة القصر الكبير,جماعة القصر الكبير,Commune Ksar Kbir,
تعميم الولوجيات بالمؤسسات والمرافق العمومية وإحداث الشباك الوحيد الخاص بالأشخاص في وضعية إعاقة بالجماعة.,جماعة الفنيدق,Commune Fnideq,
إحداث مكتب المواطن,جماعة الفنيدق,Commune Fnideq,
تقوية القدرات المؤسساتية والتنظيمية لجمعيات المجتمع المدني بالفنيدق,جماعة الفنيدق,Commune Fnideq,
تعزيز التشوير الداخلي والخارجي باللغة الأمازيغية بالمرافق الجماعية والشوارع الرئيسية للمدينة,جماعة الفنيدق,Commune Fnideq,
إحداث الهيئة الاستشارية للشباب بجماعة الفنيدق,جماعة الفنيدق,Commune Fnideq,
تعميم نظام العنونة بتراب الجماعة مع إبراز المؤهلات التجارية والسياحية للمدينة,جماعة الفنيدق,Commune Fnideq,
تنظيم المعارض والأيام التجارية بالمدينة,جماعة الفنيدق,Commune Fnideq,
"تنظيم مهرجان "" العمارة الثقافي الفني والرياضي "" بمدينة الفنيدق",جماعة الفنيدق,Commune Fnideq,
إحداث مكتب الضبط الرقمي بالموقع الرسمي لجماعة الفنيدق,جماعة الفنيدق,Commune Fnideq,
إحداث الهيئة الاستشارية للقضايا الاقتصادية بجماعة الفنيدق,جماعة الفنيدق,Commune Fnideq,
تحيين وتفعيل البوابة الكترونية لجماعة الفنيدق,جماعة الفنيدق,Commune Fnideq,
تفعيل النشر الاستباقي للمعلومات,جماعة مرتيل,Commune Martil,
اشراك المواطنات والمواطنين في تتبع برنامج عمل الجماعة 2022-2027,جماعة مرتيل,Commune Martil,
احداث هيئات استشارية بالجماعة,جماعة مرتيل,Commune Martil,
هيكلة وتطوير البوابة الالكترونية للجماعة لتستجيب لمتطلبات الجماعة المنفتحة,جماعة مرتيل,Commune Martil,
احداث مراحيض صديقة للبيئة وولوجيات بشاطئ مرتيل,جماعة مرتيل,Commune Martil,
إحداث الولوجيات بجميع المرافق الجماعية وفق مقاربة تشاركية,جماعة المضيق,Commune Mdiq,
تعزيز المشاركة المواطنة من خلال أليات العرائض,جماعة المضيق,Commune Mdiq,
تعزيز النجاعة الطاقية من خلال تعميم المصابيح الاقتصادية LED بشبكة الانارة العمومية,جماعة المضيق,Commune Mdiq,
إحداث هيئة استشارية للبيئة والمناخ,جماعة المضيق,Commune Mdiq,
توفير وتجهيز فضاء لعرض المنتوجات المجالية,جماعة المضيق,Commune Mdiq,
توعية المواطنين بالمنصات الرقمية للخدمات الجماعية الموجودة,جماعة المضيق,Commune Mdiq,
خلق مركز الخدمة المحلية للطاقة والمناخ,جماعة المضيق,Commune Mdiq,
تنزيل نظام العنونة,جماعة المضيق,Commune Mdiq,
المشاركة المواطنة,جماعة وزان,Commune Ouezzane,
إعداد خطة للتسويق الترابي لمدينة وزان,جماعة وزان,Commune Ouezzane,
إعداد الميزانية التشاركية,جماعة وزان,Commune Ouezzane,
إحداث كشك للإرشاد والتوجيه السياحي بمدينة وزان,جماعة وزان,Commune Ouezzane,
تعزيز الهوية البصرية مع تعميم اللون الأخضر وتأهيل واجهات المباني,جماعة وزان,Commune Ouezzane,
هيكلة الهيئة الاستشارية للثقافة,جماعة وزان,Commune Ouezzane,
تنظيم مهرجان موسيقى الجبل بوزان,جماعة وزان,Commune Ouezzane,
إحداث وتهيئة مراحيض عمومية بمدينة وزان,جماعة وزان,Commune Ouezzane,
تحسيس وتوعية الساكنة بالتأثير السلبي للنفايات بواسطة خلق مسابقات بيئية بالاحياء والمدارس,جماعة وزان,Commune Ouezzane,
انجاز مشروع شبكة الصرف الصحي بمدشر غدير الدفلة جماعة ملوسة,جماعة ملوسة,Commune Melloussa,
عقد لقاءات تحسيسه للمحافظة على البيئة,جماعة ملوسة,Commune Melloussa,
إعداد فيديو توضيحي مبسط للتعريف بهاته المنصات واشهارها وكيفية ولوجها نشره بالموقع الرسمي للجماعة ومواقعها التواصلية,جماعة ملوسة,Commune Melloussa,
تنظيم ورشات للتعريف بهته المنصات وكيفية استعمالها لفائدة المواطنات والمواطنين وفعاليات المجتمع المدني، وذلك بكل من: -دار الشباب ملوسة -الثانوية الإعدادية سيدي أحمد بن عجيبة -دار الفتاة -مركز القرب -دار الطالب والطالبة -مركز ملوسة 2,جماعة ملوسة,Commune Melloussa,
تعليق ملصقات ومنشورات لهذا الغرض بكل من مقرات المؤسسات العمومية والاسواق بتراب الجماعة,جماعة ملوسة,Commune Melloussa,
تقوية العلاقة بين المواطن والإدارة عبر الاجتماعات المفتوحة والحملات التحسيسية,جماعة ملوسة,Commune Melloussa,
تنظيم لقاءات تحسيسية وتوعوية مع المجتمع المدني والمواطنين قصد اطلاعهم على الخدمات التي تقدمها الجماعة,جماعة ملوسة,Commune Melloussa,
إحداث ملاعب للقرب,جماعة سيدي بنور,Commune Sidi Bennour,
إحداث ولوجيات,جماعة سيدي بنور,Commune Sidi Bennour,
استغلال المياه المعالجة لري المساحات الخضراء,جماعة سيدي بنور,Commune Sidi Bennour,
بحث سبل للتخلص من الكلاب الضالة,جماعة سيدي بنور,Commune Sidi Bennour,
تاهيل وتنمية الاحياء ناقصة التجهيز,جماعة مديونة,Commune Mediouna,
الاطلاع على مقررات المجلس,جماعة مديونة,Commune Mediouna,
الاهتمام بالمجال الصحي والاجتماعي للمرأة في وضعية صعبة بجماعة مديونة.,جماعة مديونة,Commune Mediouna,
تهيئة المساحات الخضراء بجماعة مديونة,جماعة مديونة,Commune Mediouna,
مشروع : إحداث آلية للحوار والتشاور(مجلس الشباب والشابات),جماعة عين حرودة,Commune ain herrouda,
مشروع : إحداث آلية للحوار والتشاور (الهيئة الإستشارية للأشخاص في وضعية إعاقة),جماعة عين حرودة,Commune ain herrouda,
مشروع : اعتماد وتفعيل الميزانية التشاركية,جماعة عين حرودة,Commune ain herrouda,
مشروع : إحداث وتطوير وتسويق الهوية الرقمية لجماعة عين حرودة,جماعة عين حرودة,Commune ain herrouda,
مشروع : عين حرودة جماعة ولوجة,جماعة عين حرودة,Commune ain herrouda,
مشروع : مهرجان بالوما للتبوريدة,جماعة عين حرودة,Commune ain herrouda,
مشروع : التشجير وتوسيع وصيانة المساحات الخضراء,جماعة عين حرودة,Commune ain herrouda,
مشروع : شواطئ نظيفة,جماعة عين حرودة,Commune ain herrouda,
تقوية القدرات في مجال الانفتاح,جماعة بوسكورة,Commune Bouskoura,
تعميم رقمنة بين جميع مصالح الجماعة,جماعة بوسكورة,Commune Bouskoura,
تنفيذ أدوات المشاركة المواطنة,جماعة بوسكورة,Commune Bouskoura,
الرقمنة من أجل خدمات جماعية ذات جودة وفعالية,جماعة دار بوعزة,Commune Dar Bouazza,
إحداث مكتب التواصل و الإرشاد,جماعة دار بوعزة,Commune Dar Bouazza,
النشر الاستباقي للمعلومات الأولية و الولوج للمعلومة,جماعة دار بوعزة,Commune Dar Bouazza,
عقد لقاءات تواصلية سنوية لتتبع تنفيذ برامج الجماعة,جماعة تنغير,Commune Tinghir,
دعم قدرات الهيئات التشاورية والمجتمع المدني,جماعة تنغير,Commune Tinghir,
الميزانية التشاركية,جماعة تنغير,Commune Tinghir,
التواصل الإلكتروني التفاعلي,جماعة تنغير,Commune Tinghir,
إعداد ونشر ميزانية المواطن,جماعة تنغير,Commune Tinghir,
تجويد الخدمات الإدارية,جماعة تنغير,Commune Tinghir,
تحسين خدمة التطهير الصلب,جماعة تنغير,Commune Tinghir,
إحداث ملاعب القرب,جماعة تنغير,Commune Tinghir,
تأهيل الأحياء ناقصة التجهيز,جماعة تنغير,Commune Tinghir,
احداث مركز سوسيو ثقافي للمرأة و الطفل,جماعة أرفود,Commune Arfoud,
احداث دار الصانعة,جماعة أرفود,Commune Arfoud,
إحداث دار الطالبة,جماعة أرفود,Commune Arfoud,
تفعيل مكتب التواصل و الاعلام,جماعة أرفود,Commune Arfoud,
رقمنة الإدارة و خلق مكتب ضبط رقمي,جماعة أرفود,Commune Arfoud,
إحداث فضاءات خضراء جديدة بالمدينة,جماعة أرفود,Commune Arfoud,
التشجير بالمدينة,جماعة أرفود,Commune Arfoud,
إحداث مشروع لإعادة معالجة المياه العادة واستعمالها في سقي المجال الاخضر,جماعة أرفود,Commune Arfoud,
إحداث ملاعب القرب بمختلف أحياء المدينة,جماعة أرفود,Commune Arfoud,
حفر الابار بالدواوير التابعة لعمالة ميدلت.,المجلس الإقليمي ميدلت,Province Midelt,
اشغال تهيئة منابع المياه بدواوير تبوفروت و ايت علي اوسو وتسرولين جماعة ايت يحيى,المجلس الإقليمي ميدلت,Province Midelt,
احدات شركة التنمية ميدلت,المجلس الإقليمي ميدلت,Province Midelt,
احدات موقع الكتروني خاص بالمجلس الاقليمي,المجلس الإقليمي ميدلت,Province Midelt,
استصلاح و فتح المسالك القروية التابعة لجماعة ايتزار,المجلس الإقليمي ميدلت,Province Midelt,
استصلاح و فتح المسالك القروية التابعة لجماعة سيدي يحيى ايوسف,المجلس الإقليمي ميدلت,Province Midelt,
استصلاح و فتح المسالك القروية التابعة لجماعة ايت يحيى,المجلس الإقليمي ميدلت,Province Midelt,
استصلاح و فتح المسالك القروية التابعة لجماعة ايت بن يعقوب,المجلس الإقليمي ميدلت,Province Midelt,
استصلاح و فتح المسالك القروية التابعة ل جماعة ايت عياش,المجلس الإقليمي ميدلت,Province Midelt,
استصلاح و فتح المسالك القروية التابعة ل جماعة بومية,المجلس الإقليمي ميدلت,Province Midelt,
استصلاح و فتح المسالك القروية التابعة لجماعة انمزي,المجلس الإقليمي ميدلت,Province Midelt,
استصلاح و فتح المسالك القروية التابعة لجماعة تانوردي,المجلس الإقليمي ميدلت,Province Midelt,
استصلاح و فتح المسالك القروية التابعة لجماعة كير,المجلس الإقليمي ميدلت,Province Midelt,
استصلاح و فتح المسالك القروية التابعة لجماعة كرامة,المجلس الإقليمي ميدلت,Province Midelt,
استصلاح و فتح المسالك القروية التابعة لجماعة اغبالو,المجلس الإقليمي ميدلت,Province Midelt,
استصلاح و فتح المسالك القروية التابعة لجماعة امرصيد,المجلس الإقليمي ميدلت,Province Midelt,
استصلاح و فتح المسالك القروية التابعة لجماعة اكديم,المجلس الإقليمي ميدلت,Province Midelt,
استصلاح و فتح المسالك القروية التابعة لجماعة تيزي نغشو,المجلس الإقليمي ميدلت,Province Midelt,
بناء قنطرة أ أكديم بجماعة ايت بن يعقوب,المجلس الإقليمي ميدلت,Province Midelt,
فتح و بناء الطريق الرابط بين تيرغيست و اكا نوانين,المجلس الإقليمي ميدلت,Province Midelt,
اعداد ميزانية مستجيبة للنوع الاجتماعي مع تزفير احصائيات حول النوع الاجتماعي بجماعة افران,جماعة إفران,Commune Ifrane,
احداث بوابة رقمية للتواصل مع المواطنين,جماعة إفران,Commune Ifrane,
رقمنة المصالح الجماعية,جماعة إفران,Commune Ifrane,
احداث مجلس محلي للاعلام و الاتصال,جماعة إفران,Commune Ifrane,
إحداث شاشة تفاعلية بمدخل الجماعة,جماعة عين الشقف,Commune Ain Chkef,
تكوين الموظفين في مجال الرقمنة,جماعة عين الشقف,Commune Ain Chkef,
إحداث لجنة التتبع والتقييم,جماعة عين الشقف,Commune Ain Chkef,
إحداث مجلس للشباب,جماعة عين الشقف,Commune Ain Chkef,
تأطير وتكوين أعضاء هيئة المساواة وتكافؤ الفرص ومقاربة النوع,جماعة عين الشقف,Commune Ain Chkef,
تهيئة الشارع الرئيسي بالقطب الحضري راس الماء,جماعة عين الشقف,Commune Ain Chkef,
احداث موقع رسمي لجماعة اكنول ورقمنة المكاتب الجماعية,جماعة أكنول,Commune Aknoul,
إحصاء، تصنيف وصيانة المواقع التاريخية والمعالم الأثرية للمنطقة،,جماعة أكنول,Commune Aknoul,
بناء دار اللوز,جماعة أكنول,Commune Aknoul,
تهييئ واصلاح بناية مهجورة تابعة لوزارة العدل من اجل استغلالها دارا للضيافة ومقرا لأنشطة الجمعيات والتعاونيات،,جماعة أكنول,Commune Aknoul,
تاهيل حامة ازغار,جماعة كلدمان,Commune Galdamane,
توفير الوعاء العقاري من اجل انشاء المشاريع التنموية ( انشاء منطقة صناعية ، سوق اقليمي للمواشي ),جماعة كلدمان,Commune Galdamane,
احداث دار الشباب بالجماعة,جماعة كلدمان,Commune Galdamane,
احداث الموقع الرسمي للجماعة وتعزيز القدرات في مجال الرقمنة,جماعة كلدمان,Commune Galdamane,
الشراكة والترافع من اجل تنفيد المشاريع المدرجة ببرنامج عمل الجماعة,جماعة كلدمان,Commune Galdamane,
انشاء وحدة صناعية لتثمين المنتوجات المجالية ( الزيتون،اللوز ، المنتوجات العشبية ),جماعة كلدمان,Commune Galdamane,
تحسين استقبال المرتفقين,جماعة تاونات,Commune Taounate,
تتبع وصيانة المساحات الخضراء,جماعة تاونات,Commune Taounate,
التمكين الرقمي مفتاح النواصل,جماعة تاونات,Commune Taounate,
تجهيزمصالح جماعة تاونات بالتجهيزات الالكترونية,جماعة تاونات,Commune Taounate,
حملات تحسيسية وتوعوية للولوج للمنصات الرقمية,جماعة تاونات,Commune Taounate,
تقويةقدرات الموارد البشرية بجماعة تاونات,جماعة تاونات,Commune Taounate,
المشاركة المواطنة,جماعة تاونات,Commune Taounate,
تعديل النظام الداخلي لجماعة تاونات,جماعة تاونات,Commune Taounate,
تعميم الولوجيات بملاعب القرب,جماعة تاونات,Commune Taounate,
خلق ملاعب القرب والمحافظة عليها,جماعة تاونات,Commune Taounate,
تجهيز ورقمنة مركز الاستقبال,جماعة تاونات,Commune Taounate,
احداث مساحات خضراء بمدينة تاونات والمحافظة عليها,جماعة تاونات,Commune Taounate,
إحداث مكتب لتدبير الملاعب الرياضية الجماعية و تجهيزه,جماعة جرسيف,Commune Guercif,
تنظيم لقاءات تواصلية و تأطيرية لفائدة الجمعيات الرياضية.,جماعة جرسيف,Commune Guercif,
إحداث منتدى الحي على مستوى الأقطاب الكبرى بالمدينة - القطب الثالث (الأحياء التابعة للملحقة الإدارية الثالثة),جماعة جرسيف,Commune Guercif,
إحداث منتدى الحي على مستوى الأقطاب الكبرى بالمدينة - القطب الرابع (الأحياء التابعة للملحقة الإدارية الرابعة ),جماعة جرسيف,Commune Guercif,
إحداث منتدى الحي على مستوى الأقطاب الكبرى بالمدينة - القطب الثاني ( الأحياء التابعة للملحقة الإدارية الثانية),جماعة جرسيف,Commune Guercif,
إحداث منتدى الحي على مستوى الأقطاب الكبرى بالمدينة - القطب الأول ( الأحياء التابعة للملحقة الإدارية الأولى),جماعة جرسيف,Commune Guercif,
إحداث مكتبة الحديقة بساحة 06 نونبر,جماعة جرسيف,Commune Guercif,
تنظيم معرض للكتاب,جماعة جرسيف,Commune Guercif,
تنظيم مسابقة للعرض المسرحي و الفني.,جماعة جرسيف,Commune Guercif,
تنشيط المركب التجاري بحي النكد,جماعة جرسيف,Commune Guercif,
توفير خدمات جيدة وفعالة لمغاربة العالم,جماعة فجيج,Commune Figuig,
تشجيع مغاربة العالم على الاستثمار بالواحة,جماعة فجيج,Commune Figuig,
تفعيل دور هيأة المساواة وتكافؤ الفرص,جماعة فجيج,Commune Figuig,
مواكبة وتاهيل المجتمع المدني للقيام بدوره على احسن وجه,جماعة فجيج,Commune Figuig,
تشجيع المواطن على تبني آليات الديمقراطية التشاركية، والمشاركة في صنع وتتبع القرار المتعلق بسياسة ومشاريع الجماعة,جماعة فجيج,Commune Figuig,
مساعدة المواطن على الانفتاح على تجارب جماعات اخرى,جماعة فجيج,Commune Figuig,
اقتناء اراضي سلالية والمساهمة في حل اشكلية الارث في اراضي الملك الخاص,جماعة فجيج,Commune Figuig,
بناء ملاعب القرب,جماعة أركانة,Commune Argana,
الرقمنة,جماعة لكفيفات,Commune Legfifate,
الماء والكهرباء,جماعة لكفيفات,Commune Legfifate,
البيئة,جماعة لكفيفات,Commune Legfifate,
تطوير أليات التواصل,جماعة لقليعة,Commune Leqlia,
تجويد أليات الحصول على المعلومات,جماعة لقليعة,Commune Leqlia,
إعداد ميزانية تشاركية,جماعة لقليعة,Commune Leqlia,
إعداد ميزانية المواطن ونشرها,جماعة لقليعة,Commune Leqlia,
تعزيز مواكبة الموظفين لبرامج التحول الرقمي,جماعة لقليعة,Commune Leqlia,
نشر التقييم السنوي لبرنامج عمل الجماعة,جماعة لقليعة,Commune Leqlia,
إحداث هوية بصرية للمدينة,جماعة لقليعة,Commune Leqlia,
تطوير وحدة إدارية تهتم بالهجرة والجالية المغربية,جماعة لقليعة,Commune Leqlia,
رقمنة خدمات جماعة القليعة,جماعة لقليعة,Commune Leqlia,
تعزيز المشاركة المواطنة بالجماعة,جماعة لقليعة,Commune Leqlia,
تطوير البوابة الإليكترونية الجماعية وفتح حساب على منصة فايس بوك,جماعة أيت عميرة,Commune Ait Amira,
تأهيل وتجهيز المرافق الادارية بالوسائل الرقمية وتعزيزها بالموارد البشرية اللازمة,جماعة أيت عميرة,Commune Ait Amira,
دعم الجمعيات التي تعنى بتدبير قطاع النظافة بالدواوير التابعة للجماعة.,جماعة أيت عميرة,Commune Ait Amira,
تعزيز أسطول جمع النفايات بالآليات والمعدات,جماعة أيت عميرة,Commune Ait Amira,
تعزيز الحصول على المعلومة,جماعة بيوكرى,Commune Biougra,
الرقمنة الادارية,جماعة بيوكرى,Commune Biougra,
الشفافية والمساءلة,جماعة بيوكرى,Commune Biougra,
الميزانية التشاركية,جماعة بيوكرى,Commune Biougra,
أيام الابواب المفتوحة الرقمية بجماعة القنيطرة,جماعة القنيطرة,Commune Kenitra,
احداث هيئات استشارية,جماعة القنيطرة,Commune Kenitra,
احداث وتجهيز متحف رياضي بالملعب البلدي بمدينة القنيطرة,جماعة القنيطرة,Commune Kenitra,
توحيد لون البنايات لتعزيز الهوية البصرية بمدينة القنيطرة,جماعة القنيطرة,Commune Kenitra,
مهرجان دولي حول فنون الطبخ لمنطقة الغرب,جماعة القنيطرة,Commune Kenitra,
حملة تحسيسية ترتبط بالمجال البيئي بجماعة القنيطرة,جماعة القنيطرة,Commune Kenitra,
:اقتناء عتاد كهربائي وإلكتروني وتحيين شبكة الانترنيت بالجماعة,جماعة سيدي الطيبي,Commune Sidi Taibi,
اقتناء حواسيب وطابعات وتفعيل وتطوير موقع الجماعة الإلكتروني,جماعة سيدي الطيبي,Commune Sidi Taibi,
التدبير المفوض للنظافة,جماعة سيدي الطيبي,Commune Sidi Taibi,
بناء مركز لتجميع وتحويل النفايات,جماعة سيدي الطيبي,Commune Sidi Taibi,
تشوير داخل القطاعات و احياء جماعة سيدي الطيبي,جماعة سيدي الطيبي,Commune Sidi Taibi,
الإنارة العمومية لطريق بئر رامي,جماعة سيدي الطيبي,Commune Sidi Taibi,
اسنبدال مصابيح الصوديوم بمصابيح LED,جماعة سيدي الطيبي,Commune Sidi Taibi,
الإنارة العمومية للطريق الوطنية رقم 1 لالألواح الشمسية بجماعة سيدي الطيبي,جماعة سيدي الطيبي,Commune Sidi Taibi,
تعزيز أدوار الهيآت الاستشارية لدى المجلس الجماعي وتحسين ظروف اشتغالها.,جماعة سوق الأربعاء,Commune Souk Larbaa,
تنظيم أسبوعي بيئي ربيعي سنوي,جماعة سوق الأربعاء,Commune Souk Larbaa,
إعداد مخطط للسير والجولان للمجال الترابي للجماعة.,جماعة سوق الأربعاء,Commune Souk Larbaa,
إحداث وحدة إدارية جماعية لتتبع العرائض والآراء الاستشارية.,جماعة سوق الأربعاء,Commune Souk Larbaa,
دعم التحول الرقمي بالجماعة من خلال تعزيز العمل بالتطبيقات المعلوماتية.,جماعة سوق الأربعاء,Commune Souk Larbaa,
تأهيل حديقة نموذجية بشراكة مع الهيئات الاستشارية لدى المجلس الجماعي.,جماعة سوق الأربعاء,Commune Souk Larbaa,
التعريف بمجالات تدخل الجماعة وخدماتها واختصاصاتها عبر أنشطة تواصلية.,جماعة سوق الأربعاء,Commune Souk Larbaa,
تعزيز الحق في الحصول على المعلومة باعتماد النشر الاستباقي لها.,جماعة سوق الأربعاء,Commune Souk Larbaa,
المشاركة المواطنة آلية للمساهمة في التنمية الترابية المحلية,جماعة تالمست,Commune Talmest,
الرقمنة رافعة لتجويد خدمات جماعة تالمست,جماعة تالمست,Commune Talmest,
آليات تتبع برنامج عمل الجماعة,جماعة تالمست,Commune Talmest,
من اجل تالمست نظيفة,جماعة تالمست,Commune Talmest,
الرقمنة,جماعة حربيل,Commune Harbil,
الشفافية والمساءلة,جماعة حربيل,Commune Harbil,
المشاركة المواطنة,جماعة حربيل,Commune Harbil,
الحق في الحصول على المعومة,جماعة حربيل,Commune Harbil,
التشوير الداخلي للجماعة و ملحقاتها.,جماعة طانطان,Commune Tantan,
تنظيم دورات تكوينية موضوعاتية حول الديمقراطية التشاركية لفائدة أعضاء هيئة المساواة وتكافؤ الفرص ومقاربة النوع وجمعيات المجتمع المدني المحلي,جماعة طانطان,Commune Tantan,
تنظيم أيام تحسيسية وتوعوية وحملات للنظافة,جماعة طانطان,Commune Tantan,
تنظيم دورات تكوينية في مجال التدبير الرقمي لفائدة موظفي واطر الجماعة وملحقاتها,جماعة طانطان,Commune Tantan,
تطوير الموقع الالكتروني عبر خلق نوافد خاصة لتقديم مختلف خدمات القرب التي تباشرها الجماعة,جماعة طانطان,Commune Tantan,
تنظيم دورات تكوينية لتقنيي مصلحة الانارة العمومية,جماعة طانطان,Commune Tantan,
تعزيز مصلحة الانارة العمومية بالمعدات اللازمة للعمل وتزويد ماكز التحكم بالموقتات الذكية,جماعة طانطان,Commune Tantan,
وضع رقم هاتفي رهن إشارة المواطنين والمواطنات للتواصل وترقيم أعمدة الإنارة العمومية وصيانتها,جماعة طانطان,Commune Tantan,
احداث الموقع الرسمي و قنوات التواصل الاجتماعي للجماعة,جماعة أسا,Commune Assa,
ربط مكتب الجماعة بالشبكة الالكترونية,جماعة أسا,Commune Assa,
احداث مصلحة الارشيف,جماعة أسا,Commune Assa,
دعم و تكوين الموارد البشرية,جماعة أسا,Commune Assa,
تنظيم لقاءات تواصلية مع المجتمع المدني من اجل توعية المواطن باهمية المواكبة و التتبع لبرامج الجماعة,جماعة أسا,Commune Assa,
احداث و تفعيل وسائل التواصل مع المواطن,جماعة أسا,Commune Assa,
تشوير الشوارع و الازقة,جماعة أسا,Commune Assa,
تاهيل الملعب الجماعي,جماعة أسا,Commune Assa,
احداث ملاعب القرب,جماعة أسا,Commune Assa,
احداث مراكز ثقافية,جماعة أسا,Commune Assa,
احداث معهد المعادن,جماعة أسا,Commune Assa,
خلق منصة إلكترونية تفاعلية,جماعة خنيفرة,Commune Khenifra,
برنامج تكوين مستمروتأطيرخاص للهيئات الاستشارية والجمعيات النشيطة بالمدينة.,جماعة خنيفرة,Commune Khenifra,
إنشاء مشتل خاص بجماعة خنيفرة لانتاج الاغراس وزهور الزينة.,جماعة خنيفرة,Commune Khenifra,
إنشاء ملجأ لتجميع الحيوانات الضالة.,جماعة خنيفرة,Commune Khenifra,
إنشاء مرصد لتكوين وتأطير ومصاحبة التعاونيات الانتاجية والخدماتية بالمدينة .,جماعة خنيفرة,Commune Khenifra,
خلق أكشاك على جنبات واد أم الربيع بالمدينة .,جماعة خنيفرة,Commune Khenifra,
خلق نقط إتصال للانترنيت مجانا في الفضاءات العامة.,جماعة خنيفرة,Commune Khenifra,
إحداث مهرجان سنوي « أزلو» للموسيقى الأمازيغية.,جماعة خنيفرة,Commune Khenifra,
إنشاء فضاءات مخصصة للتمارين الحضرية street workout,جماعة خنيفرة,Commune Khenifra,
تتبع ربط الدور السكنية بالأحياء المستصلحة بالكهرباء,جماعة وادي زم,Commune Ouad Zem,
إعادة تهيئة و أزقة المدينة بمصابيح LED,جماعة وادي زم,Commune Ouad Zem,
إنشاء فضاءات رياضية,جماعة وادي زم,Commune Ouad Zem,
تعديل المقرر التنظيمي للعربات المجرورة والقيام بعمليات تحسيسية للتوعية,جماعة وادي زم,Commune Ouad Zem,
مشروع تدبير المقبرة,جماعة وادي زم,Commune Ouad Zem,
تهيئة المقبرة,جماعة وادي زم,Commune Ouad Zem,
إنشاء مرافق صحية,جماعة وادي زم,Commune Ouad Zem,
إعادة التشوير بالمدينة,جماعة وادي زم,Commune Ouad Zem,
القيام بدورات تحسيسية للتعريف بالمنصات الر قمية الرسمية و البوابة الجماعية,جماعة وادي زم,Commune Ouad Zem,
إنشاء تطبيق محلي للجماعة خاص بالخدمات الجماعية ( النظافة - الإنارة العمومية - البستنة ...),جماعة وادي زم,Commune Ouad Zem,
إعداد و نشر ميزانية المواطن بالبوابة الجماعية,جماعة وادي زم,Commune Ouad Zem,
رقمنة الإدارة الجماعية,جماعة سوق السبت أولاد النمة,Commune Souq Oulad Ounemma,
الــعنونـــــة,جماعة سوق السبت أولاد النمة,Commune Souq Oulad Ounemma,
الإجهاد المائي,جماعة سوق السبت أولاد النمة,Commune Souq Oulad Ounemma,
اهمية الشراكة والترافع في تنفيذ مشاريع الجماعة,جماعة سوق السبت أولاد النمة,Commune Souq Oulad Ounemma,
تعبيد الطرق و إصلاح الحفر بشوارع و أزقة المدينة.,جماعة تاوريرت,Commune Taourirt,
إحداث مراحيض عمومية متنقلة بالمدينة.,جماعة تاوريرت,Commune Taourirt,
وضع و تثبيت علامات التشوير العمودي و الأفقي ونصب علامات التوجيه و النعت بمداخل و وسط المدينة.,جماعة تاوريرت,Commune Taourirt,
إصلاح و تعميم الأضواء الثلاثية بالمحاور و الشوارع الرئيسية بالمدينة.,جماعة تاوريرت,Commune Taourirt,
توفير الولوجيات لذوي الاحتياجات الخاصة و تعميمها بجميع الملحقات الإدارية التابعة للجماعة.,جماعة تاوريرت,Commune Taourirt,
تخصيص مكتب للإرشادات و التوجيه بمدخل الجماعة مع توفير لوحة/ سبورة إلكترونية أو شاشات ببهو الجماعة لتوجيه و تسهيل الولوج لمكاتب الجماعة من طرف المرتفقين .,جماعة تاوريرت,Commune Taourirt,
إصلاح و تأهيل المرآب بالجماعة لتنظيم و استقبال المرتفقين و موظفي و أعضاء المجلس.,جماعة تاوريرت,Commune Taourirt,
تجديد و تعميم شبكة الإنارة العمومية على جميع أحياء المدينة و اقتناء المصابيح من نوع LED صديقة للبيئة.,جماعة تاوريرت,Commune Taourirt,
إحداث مكسرات السرعة أمام المؤسسات التعليمية و الإدارات العمومية بمواصفات تقنية/ صباغة ممرات الراجلين بشكل دوري و إزالة العشوائية منها .,جماعة تاوريرت,Commune Taourirt,
